second;rms_db;normalized_volume
0,00;5,7074E+15;0.24627831136706668
1,00;5,2319E+16;0.3632867420550514
2,00;5,59176E+15;0.27473369959091043
3,00;5,19319E+16;0.3728113542038738
4,00;5,67518E+15;0.25420678206388403
5,00;5,14342E+15;0.38506018376536855
6,00;5,48859E+15;0.30012240466039386
7,00;4,33463E+15;0.5840826049305952
8,00;4,9686E+15;0.4280787670882955
9,00;5,02377E+15;0.41450345875618144
10,00;5,60964E+16;0.2703335277598493
11,00;5,1317E+16;0.3879446979876551
12,00;5,33863E+15;0.337022105986475
13,00;5,72783E+15;0.24124892026579392
14,00;5,5041E+16;0.29630553073393706
15,00;5,51022E+15;0.29479766374027927
16,00;5,60281E+16;0.2720151985897771
17,00;5,6404E+14;0.26276383292351146
18,00;5,67011E+16;0.2554530786555841
19,00;5,56638E+16;0.28097977177635014
20,00;5,47439E+15;0.30361685731666244
21,00;5,63381E+15;0.26438676600479993
22,00;5,12459E+15;0.38969427877891893
23,00;4,9771E+15;0.4259866858518039
24,00;4,91576E+15;0.4410804324032698
25,00;4,98831E+15;0.4232287216521299
26,00;5,00485E+15;0.4191573745568742
27,00;5,02377E+15;0.41450345875618144
28,00;4,94843E+14;0.4330414272305847
29,00;4,9248E+15;0.43885782041807353
30,00;5,11981E+15;0.3908686732713166
31,00;5,73846E+16;0.23863345141124193
32,00;5,234E+15;0.3627698391189903
33,00;5,468E+15;0.3051884766026507
34,00;5,65085E+15;0.2601925025453027
35,00;5,56351E+15;0.28168518251528196
36,00;5,61507E+16;0.26899765303698175
37,00;5,59037E+16;0.27507595628516124
38,00;5,47439E+15;0.30361685731666244
39,00;5,45182E+16;0.30916883855574984
40,00;4,9005E+15;0.4448369308498593
41,00;4,89432E+15;0.44635821314305935
42,00;5,34049E+16;0.3365649095343132
43,00;5,44691E+16;0.3103775463568693
44,00;4,7889E+15;0.4722977928986355
45,00;5,34972E+15;0.3342934826327145
46,00;5,01301E+15;0.4171504184039505
47,00;5,22557E+15;0.3648449938648861
48,00;5,63116E+16;0.265039405473365
49,00;5,66118E+15;0.2576517384826985
50,00;5,00212E+15;0.4198305696327186
51,00;4,47609E+15;0.5492732411544845
52,00;4,74582E+15;0.48289860639051885
53,00;4,7568E+15;0.4801987061557479
54,00;4,82324E+14;0.4638485006800047
55,00;4,77833E+15;0.47489911417456054
56,00;5,12459E+15;0.38969427877891893
57,00;5,51022E+15;0.29479766374027927
58,00;5,87101E+16;0.20601575360230584
59,00;5,6404E+14;0.26276383292351146
60,00;5,46318E+15;0.30637482151633644
61,00;5,62583E+16;0.2663506933892127
62,00;5,86495E+15;0.20750869978782993
63,00;5,85782E+15;0.2092637534249855
64,00;5,869E+15;0.20651224455700123
65,00;5,57775E+16;0.2781811817470693
66,00;5,66757E+15;0.25607896273352904
67,00;5,68272E+16;0.2523508578715078
68,00;5,42193E+16;0.3165257917344566
69,00;5,54317E+15;0.28668934024660775
70,00;5,4712E+14;0.3044012224533822
71,00;5,43866E+15;0.3124073741468347
72,00;5,01571E+15;0.41648559901915627
73,00;5,51479E+15;0.2936737036048398
74,00;5,55485E+15;0.28381549177701426
75,00;5,64434E+15;0.26179595537576994
76,00;5,56351E+15;0.28168518251528196
77,00;5,64695E+15;0.26115313004945984
78,00;5,45019E+15;0.30957098215488554
79,00;5,54903E+16;0.2852475859780007
80,00;5,58618E+14;0.2761060270011737
81,00;5,27897E+15;0.3517032175911817
82,00;5,53728E+15;0.2881408857906893
83,00;5,47439E+15;0.30361685731666244
84,00;5,44362E+15;0.31118716573357696
85,00;5,36969E+15;0.32937972002216465
86,00;5,52235E+16;0.2918134720203073
87,00;5,25062E+15;0.3586790107075938
88,00;5,29672E+15;0.34733608873637056
89,00;4,36369E+15;0.576933468258186
90,00;4,43497E+15;0.5593929659295408
91,00;5,57775E+16;0.2781811817470693
92,00;5,69884E+15;0.2483841339170021
93,00;5,51934E+15;0.2925556229738898
94,00;5,63248E+15;0.2647128366399518
95,00;5,25062E+15;0.3586790107075938
96,00;5,30256E+15;0.3458999852829734
97,00;5,52985E+16;0.2899692909514433
98,00;5,49482E+15;0.2985874662153898
99,00;5,64303E+16;0.26211809448707135
100,00;5,40658E+15;0.3203014607455871
101,00;4,29226E+15;0.594510978510028
102,00;5,09801E+16;0.39623479427270225
103,00;5,34972E+15;0.3342934826327145
104,00;5,57775E+16;0.2781811817470693
105,00;5,17317E+16;0.37773770118605343
106,00;5,34235E+15;0.33610868895579005
107,00;5,19319E+16;0.3728113542038738
108,00;5,09061E+15;0.39805386278346533
109,00;5,15957E+14;0.3810861653843348
110,00;5,39096E+16;0.32414502753166685
111,00;5,29672E+15;0.34733608873637056
112,00;5,38393E+16;0.3258757192539521
113,00;5,56351E+15;0.28168518251528196
114,00;5,15498E+15;0.38221407966346055
115,00;5,59315E+15;0.27439199006986525
116,00;5,07312E+16;0.40235954743085267
117,00;5,68147E+16;0.2526590616161706
118,00;5,44855E+15;0.30997388380083957
119,00;5,75934E+15;0.2334966131492855
120,00;5,49638E+15;0.2982054477760908
121,00;5,51327E+15;0.2940477006554494
122,00;5,49638E+15;0.2982054477760908
123,00;5,5417E+16;0.28705130351666763
124,00;5,54757E+16;0.2856071138338213
125,00;5,62181E+16;0.2673394658228264
126,00;5,0291E+15;0.41319217084033366
127,00;5,3122E+16;0.3435277160930226
128,00;5,41684E+15;0.31777695195033395
129,00;5,38745E+15;0.3250086216757545
130,00;533677183338,00;0.3374802824960902
131,00;5,51327E+15;0.2940477006554494
132,00;5,47914E+15;0.3024456803595448
133,00;5,46639E+15;0.3055831937229341
134,00;5,52686E+16;0.2907050550511049
135,00;5,47439E+15;0.30361685731666244
136,00;5,52536E+15;0.29107388906823706
137,00;5,56781E+14;0.28062793752424864
138,00;5,57066E+15;0.27992600172132687
139,00;5,52536E+15;0.29107388906823706
140,00;5,40486E+15;0.3207251264143086
141,00;5,32928E+16;0.3393228737339872
142,00;5,76277E+16;0.23265234901054743
143,00;5,8619E+15;0.20825910170509132
144,00;5,8619E+15;0.20825910170509132
145,00;5,84129E+15;0.21333025914941595
146,00;5,63248E+15;0.2647128366399518
147,00;5,62047E+16;0.26767007572615875
148,00;5,66757E+15;0.25607896273352904
149,00;5,54757E+16;0.2856071138338213
150,00;5,66629E+14;0.25639259339859044
151,00;5,64825E+15;0.2608324409272016
152,00;5,40141E+16;0.32157498542618135
153,00;5,49947E+15;0.29744345317263643
154,00;5,07059E+15;0.4029817873459758
155,00;4,84649E+16;0.4581266491678082
156,00;4,59333E+15;0.5204236913186067
157,00;4,43497E+15;0.5593929659295408
158,00;4,96289E+15;0.4294849515016219
159,00;5,01841E+15;0.4158228410931274
160,00;5,29281E+16;0.3482988798232961
161,00;5,25678E+15;0.3571649128065857
162,00;5,3274E+15;0.3397860142399862
163,00;5,27698E+15;0.3521940083002568
164,00;5,06296E+14;0.40485945031346837
165,00;5,27698E+15;0.3521940083002568
166,00;5,24443E+14;0.36020391082524916
167,00;5,20629E+15;0.36958909327899847
168,00;5,53283E+15;0.28923605091883275
169,00;5,18657E+16;0.3744408863144746
170,00;5,45019E+15;0.30957098215488554
171,00;5,30062E+15;0.346377615112768
172,00;5,5735E+15;0.2792263635847174
173,00;5,53728E+15;0.2881408857906893
174,00;5,44362E+15;0.31118716573357696
175,00;5,45995E+15;0.30716939217075534
176,00;5,2319E+16;0.3632867420550514
177,00;5,00758E+15;0.41848629312681807
178,00;5,01571E+15;0.41648559901915627
179,00;4,92779E+15;0.43812205631841195
180,00;4,7568E+15;0.4801987061557479
181,00;4,78187E+16;0.4740284846209205
182,00;4,64029E+16;0.5088674034600479
183,00;4,35218E+15;0.5797644932207963
184,00;4,11381E+16;0.638422421507338
185,00;5,11742E+15;0.3914582991897584
186,00;5,39271E+15;0.32371453542261697
187,00;5,27097E+15;0.35367317863195946
188,00;5,39271E+15;0.32371453542261697
189,00;4,99662E+15;0.4211833542743948
190,00;5,3122E+16;0.3435277160930226
191,00;5,21061E+15;0.3685257116831726
192,00;5,13875E+15;0.3862093223392232
193,00;5,50563E+15;0.2959275655428024
194,00;5,55049E+15;0.28488866186361606
195,00;4,45062E+15;0.555541703899094
196,00;5,38393E+16;0.3258757192539521
197,00;5,61372E+15;0.26933083979173034
198,00;5,4253E+15;0.31569573531303596
199,00;4,89121E+16;0.44712293402997105
200,00;5,48388E+15;0.30128088586983837
201,00;5,27498E+15;0.35268592856316805
202,00;5,03703E+15;0.41124020056257204
203,00;5,29477E+16;0.34781694216727654
204,00;533677183338,00;0.3374802824960902
205,00;5,32173E+15;0.3411814877054431
206,00;5,37327E+15;0.3284983197632947
207,00;5,10534E+16;0.39443107673403544
208,00;5,47279E+15;0.30400868008429904
209,00;5,27498E+15;0.35268592856316805
210,00;5,21276E+16;0.36799599825246965
211,00;5,55049E+15;0.28488866186361606
212,00;5,83396E+15;0.21513397668808265
213,00;5,92284E+15;0.19326218960351016
214,00;5,49947E+15;0.29744345317263643
215,00;5,47439E+15;0.30361685731666244
216,00;5,59037E+16;0.27507595628516124
217,00;5,19758E+15;0.37173186069770203
218,00;4,90664E+15;0.4433263997580844
219,00;5,35521E+16;0.3329421234848835
220,00;5,05009E+16;0.40802601578437503
221,00;5,20195E+15;0.3706577918049019
222,00;4,8028E+16;0.46887789178127726
223,00;4,74582E+15;0.48289860639051885
224,00;4,64444E+15;0.5078471663922115
225,00;4,70437E+16;0.49310068110297955
226,00;4,5666E+16;0.5270008028675928
227,00;4,61499E+15;0.5150932589564573
228,00;4,70437E+16;0.49310068110297955
229,00;5,10777E+15;0.39383320428857194
230,00;5,65861E+14;0.2582841036181943
231,00;5,59176E+15;0.27473369959091043
232,00;5,45345E+15;0.3087674501563057
233,00;5,5358E+15;0.28850531769464394
234,00;5,70618E+16;0.2465778759008811
235,00;5,27498E+15;0.35268592856316805
236,00;5,08066E+15;0.40050362323847644
237,00;4,95424E+15;0.4316117278538276
238,00;5,08565E+16;0.399275233306295
239,00;4,89121E+16;0.44712293402997105
240,00;4,87867E+15;0.45020947517350607
241,00;4,93374E+15;0.4366580830616127
242,00;4,70437E+16;0.49310068110297955
243,00;4,78539E+16;0.47316138704272315
244,00;4,88182E+16;0.449433651236807
245,00;5,4712E+14;0.3044012224533822
246,00;5,5358E+15;0.28850531769464394
247,00;5,66757E+15;0.25607896273352904
248,00;5,96815E+15;0.182112004614987
249,00;5,51175E+15;0.2944223532665181
250,00;5,56781E+14;0.28062793752424864
251,00;5,68895E+16;0.2508164703782735
252,00;5,54903E+16;0.2852475859780007
253,00;5,68771E+15;0.25112246793932635
254,00;5,69884E+15;0.2483841339170021
255,00;5,29477E+16;0.34781694216727654
256,00;5,65732E+14;0.25860098916161833
257,00;5,56063E+15;0.2823929290556243
258,00;5,82125E+16;0.21826192411998646
259,00;5,58478E+15;0.2764504900247843
260,00;5,58898E+16;0.2754187619077856
261,00;5,05009E+16;0.40802601578437503
262,00;5,55775E+15;0.2831030269176945
263,00;5,3962E+14;0.3228561436669184
264,00;5,59315E+15;0.27439199006986525
265,00;5,50102E+16;0.29706347216608986
266,00;5,63248E+15;0.2647128366399518
267,00;5,29477E+16;0.34781694216727654
268,00;4,4811E+13;0.548041311174108
269,00;4,86273E+15;0.45413140649204553
270,00;4,69661E+15;0.49500908003008803
271,00;4,60206E+16;0.5182755399716443
272,00;4,40824E+15;0.565970077478527
273,00;4,74214E+15;0.48380620546079334
274,00;4,55292E+15;0.5303668450304293
275,00;4,84649E+16;0.4581266491678082
276,00;5,25473E+15;0.35766842130772225
277,00;5,5087E+16;0.29517363439111577
278,00;5,45019E+15;0.30957098215488554
279,00;5,43201E+15;0.3140452308960955
280,00;5,31983E+15;0.3416486775305517
281,00;5,44197E+15;0.31159312836253006
282,00;5,33863E+15;0.337022105986475
283,00;5,39096E+16;0.32414502753166685
284,00;5,60418E+16;0.27167780426574994
285,00;5,71104E+13;0.24538212867096243
286,00;5,62583E+16;0.2663506933892127
287,00;5,53728E+15;0.2881408857906893
288,00;5,39096E+16;0.32414502753166685
289,00;5,50717E+15;0.29555026754564395
290,00;5,18213E+16;0.3755341841452474
291,00;5,29084E+15;0.34878190660488806
292,00;5,75819E+15;0.23377877722972118
293,00;5,62315E+15;0.26700936651414275
294,00;5,68147E+16;0.2526590616161706
295,00;5,64303E+16;0.26211809448707135
296,00;5,55195E+15;0.2845303394663856
297,00;5,57775E+16;0.2781811817470693
298,00;5,03439E+15;0.41188887863220836
299,00;5,02109E+16;0.4151621318811115
300,00;5,57208E+16;0.2795758963852445
301,00;5,6404E+14;0.26276383292351146
302,00;5,72426E+16;0.2421279040675105
303,00;5,79525E+15;0.22465858883690515
304,00;5,70983E+16;0.2456804389216034
305,00;5,56495E+15;0.2813321861346533
306,00;5,77636E+14;0.22930825065437765
307,00;5,69638E+15;0.24898962797600788
308,00;5,60555E+15;0.2713409416902868
309,00;5,50256E+15;0.29668416548289056
310,00;5,73964E+15;0.2383448095579379
311,00;5,61642E+15;0.2686649848610495
312,00;5,91521E+16;0.19513916552852018
313,00;5,72546E+14;0.24183450764547798
314,00;5,38039E+15;0.3267463488075919
315,00;5,53431E+15;0.2888703720274307
316,00;5,51327E+15;0.2940477006554494
317,00;5,6285E+16;0.2656940438408193
318,00;5,61777E+15;0.26833283365218763
319,00;5,27897E+15;0.3517032175911817
320,00;5,25062E+15;0.3586790107075938
321,00;5,1799E+16;0.3760829373603807
322,00;5,58198E+15;0.2771410859725485
323,00;5,611E+13;0.269998775522451
324,00;5,61236E+15;0.2696645467445896
325,00;5,56207E+16;0.28203876284387064
326,00;5,52536E+15;0.29107388906823706
327,00;5,64564E+15;0.2614743010488674
328,00;5,55049E+15;0.28488866186361606
329,00;5,61507E+16;0.26899765303698175
330,00;5,4712E+14;0.3044012224533822
331,00;5,57775E+16;0.2781811817470693
332,00;5,56638E+16;0.28097977177635014
333,00;5,55919E+16;0.2827476830953852
334,00;5,32173E+15;0.3411814877054431
335,00;4,90357E+16;0.44408033090977106
336,00;4,87867E+15;0.45020947517350607
337,00;4,97144E+16;0.42737912895168617
338,00;4,81987E+15;0.46467855710142536
339,00;4,5666E+16;0.5270008028675928
340,00;4,31067E+15;0.5899792343387771
341,00;4,3918E+15;0.5700157363026279
342,00;4,33463E+15;0.5840826049305952
343,00;4,93964E+15;0.4352040688836363
344,00;5,71346E+15;0.24478675430302088
345,00;5,55919E+16;0.2827476830953852
346,00;5,83185E+15;0.21565213272339656
347,00;5,80509E+15;0.22223735043564885
348,00;5,82763E+16;0.21669222849791736
349,00;5,64172E+13;0.2624407198462724
350,00;5,73376E+15;0.23979193262068643
351,00;5,52536E+15;0.29107388906823706
352,00;5,26086E+15;0.35616144025971064
353,00;5,24856E+15;0.3591861029024799
354,00;5,67011E+16;0.2554530786555841
355,00;5,55049E+15;0.28488866186361606
356,00;5,48702E+16;0.3005078678124561
357,00;5,67896E+15;0.2532768055718678
358,00;5,43866E+15;0.3124073741468347
359,00;5,33304E+15;0.33839959255798757
360,00;5,48859E+15;0.30012240466039386
361,00;5,39096E+16;0.32414502753166685
362,00;5,46639E+15;0.3055831937229341
363,00;5,3274E+15;0.3397860142399862
364,00;5,54464E+14;0.2863279889181245
365,00;5,47439E+15;0.30361685731666244
366,00;5,5534E+15;0.2841726167721922
367,00;5,31028E+15;0.34400006824081986
368,00;533677183338,00;0.3374802824960902
369,00;5,48545E+15;0.3008940273752888
370,00;5,44362E+15;0.31118716573357696
371,00;5,59315E+15;0.27439199006986525
372,00;5,49482E+15;0.2985874662153898
373,00;5,43368E+16;0.313634588579796
374,00;5,39096E+16;0.32414502753166685
375,00;5,43866E+15;0.3124073741468347
376,00;5,43201E+15;0.3140452308960955
377,00;5,34049E+16;0.3365649095343132
378,00;5,01301E+15;0.4171504184039505
379,00;4,38625E+16;0.5713814870190986
380,00;4,79935E+15;0.46972775079315
381,00;4,98272E+16;0.42460325539175303
382,00;533677183338,00;0.3374802824960902
383,00;4,98831E+15;0.4232287216521299
384,00;5,34049E+16;0.3365649095343132
385,00;5,07312E+16;0.40235954743085267
386,00;4,95134E+15;0.43232538213916094
387,00;5,35339E+15;0.33339162787745236
388,00;533677183338,00;0.3374802824960902
389,00;5,53431E+15;0.2888703720274307
390,00;5,14806E+15;0.38391719034694505
391,00;5,31793E+14;0.3421168907734008
392,00;5,5358E+15;0.28850531769464394
393,00;5,41854E+15;0.3173590842514722
394,00;5,32928E+16;0.3393228737339872
395,00;5,25678E+15;0.3571649128065857
396,00;4,82995E+15;0.4621979962630641
397,00;5,04228E+16;0.4099487207427387
398,00;4,34052E+15;0.5826335196520618
399,00;4,45062E+15;0.555541703899094
400,00;5,20845E+14;0.369056741173441
401,00;5,22768E+15;0.3643243133153382
402,00;5,31411E+16;0.34305640551640715
403,00;5,29084E+15;0.34878190660488806
404,00;533677183338,00;0.3374802824960902
405,00;5,3122E+16;0.3435277160930226
406,00;5,40486E+15;0.3207251264143086
407,00;5,51022E+15;0.29479766374027927
408,00;5,36789E+16;0.32982178690133956
409,00;5,25268E+15;0.3581731187320426
410,00;4,95713E+15;0.43090044846235354
411,00;5,19319E+16;0.3728113542038738
412,00;5,35339E+15;0.33339162787745236
413,00;5,42698E+15;0.3152819128025691
414,00;5,36969E+15;0.32937972002216465
415,00;5,43534E+15;0.3132247336893228
416,00;5,07815E+15;0.40112047578751575
417,00;5,25882E+16;0.3566625876402677
418,00;5,34235E+15;0.33610868895579005
419,00;5,19099E+15;0.37335315236442446
420,00;5,26895E+15;0.3541685189692746
421,00;5,32928E+16;0.3393228737339872
422,00;5,44197E+15;0.31159312836253006
423,00;5,18657E+16;0.3744408863144746
424,00;5,09801E+16;0.39623479427270225
425,00;5,37506E+15;0.32805897888941116
426,00;5,1664E+15;0.3794053761733671
427,00;5,29867E+16;0.3468563146631194
428,00;5,27698E+15;0.3521940083002568
429,00;5,0291E+15;0.41319217084033366
430,00;5,74431E+15;0.23719412435673348
431,00;5,35704E+15;0.3324935624390575
432,00;5,43534E+15;0.3132247336893228
433,00;5,58057E+15;0.2774872225014572
434,00;5,55049E+15;0.28488866186361606
435,00;5,66502E+16;0.25670668494649973
436,00;5,70252E+16;0.24747909688423309
437,00;5,70496E+15;0.24687786087628438
438,00;5,74198E+15;0.23776869260565925
439,00;5,80618E+16;0.22197000923770693
440,00;5,6404E+14;0.26276383292351146
441,00;5,58338E+16;0.27679550908257267
442,00;5,66757E+15;0.25607896273352904
443,00;5,47914E+15;0.3024456803595448
444,00;5,35156E+15;0.33384207959293954
445,00;5,15038E+15;0.3833479776007074
446,00;5,07059E+15;0.4029817873459758
447,00;4,97144E+16;0.42737912895168617
448,00;5,55919E+16;0.2827476830953852
449,00;5,60006E+15;0.2726915892171887
450,00;5,61642E+15;0.2686649848610495
451,00;5,55195E+15;0.2845303394663856
452,00;5,12459E+15;0.38969427877891893
453,00;5,17092E+15;0.3782921483449213
454,00;533677183338,00;0.3374802824960902
455,00;5,47597E+15;0.30322575151697917
456,00;5,42023E+16;0.316942031904736
457,00;5,31602E+15;0.34258613192759646
458,00;5,21919E+14;0.3664146894869551
459,00;5,45833E+16;0.30756778792428885
460,00;5,5563E+15;0.2834589624868591
461,00;5,30835E+15;0.34447346657363054
462,00;5,46318E+15;0.30637482151633644
463,00;5,71466E+15;0.24448968787592484
464,00;5,61912E+15;0.2680011978061535
465,00;5,70129E+16;0.2477803502954694
466,00;5,5563E+15;0.2834589624868591
467,00;5,44855E+15;0.30997388380083957
468,00;4,37504E+16;0.5741394512187725
469,00;4,65676E+15;0.5048153530072363
470,00;4,34052E+15;0.5826335196520618
471,00;4,9771E+15;0.4259866858518039
472,00;5,63909E+15;0.2630874351956034
473,00;5,51022E+15;0.29479766374027927
474,00;4,9005E+15;0.4448369308498593
475,00;4,68089E+16;0.49887776953495333
476,00;5,2319E+16;0.3632867420550514
477,00;5,24856E+15;0.3591861029024799
478,00;4,54832E+14;0.5315007429676759
479,00;4,58451E+15;0.5225936516814433
480,00;5,1029E+15;0.39503062624325314
481,00;5,06296E+14;0.40485945031346837
482,00;5,18657E+16;0.3744408863144746
483,00;4,88182E+16;0.449433651236807
484,00;5,03703E+15;0.41124020056257204
485,00;5,2361E+15;0.3622541832358561
486,00;4,97428E+15;0.42668177348842073
487,00;4,45062E+15;0.555541703899094
488,00;4,25421E+16;0.6038733186582262
489,00;4,6107E+15;0.5161487636194383
490,00;4,53434E+16;0.5349389821451793
491,00;5,14109E+15;0.3856339807808191
492,00;5,37684E+15;0.32762053922820955
493,00;5,40314E+15;0.3211496335248317
494,00;5,63116E+16;0.265039405473365
495,00;4,9248E+15;0.43885782041807353
496,00;4,9218E+15;0.43959612602226095
497,00;5,31028E+15;0.34400006824081986
498,00;5,34049E+16;0.3365649095343132
499,00;5,42193E+16;0.3165257917344566
500,00;4,65676E+15;0.5048153530072363
501,00;5,39271E+15;0.32371453542261697
502,00;5,77411E+16;0.22986197961664012
503,00;5,27698E+15;0.3521940083002568
504,00;5,19977E+15;0.3711941515842023
505,00;5,14574E+15;0.3844879230222127
506,00;5,70618E+16;0.2465778759008811
507,00;5,72546E+14;0.24183450764547798
508,00;5,38921E+15;0.32457638844475534
509,00;5,52985E+16;0.2899692909514433
510,00;4,77121E+16;0.47665108513026344
511,00;5,34049E+16;0.3365649095343132
512,00;5,4696E+15;0.30479448707194157
513,00;5,56495E+15;0.2813321861346533
514,00;5,17092E+15;0.3782921483449213
515,00;5,04749E+15;0.4086649976052339
516,00;5,09061E+15;0.39805386278346533
517,00;5,22345E+15;0.36536694591886965
518,00;5,40314E+15;0.3211496335248317
519,00;4,73098E+16;0.4865523579249561
520,00;4,38625E+16;0.5713814870190986
521,00;5,00485E+15;0.4191573745568742
522,00;5,47439E+15;0.30361685731666244
523,00;5,18657E+16;0.3744408863144746
524,00;5,17317E+16;0.37773770118605343
525,00;4,86594E+16;0.45334124196961934
526,00;4,9771E+15;0.4259866858518039
527,00;5,00758E+15;0.41848629312681807
528,00;5,45995E+15;0.30716939217075534
529,00;4,97144E+16;0.42737912895168617
530,00;4,75315E+15;0.48109488885185214
531,00;5,09555E+15;0.3968394319033246
532,00;5,27298E+15;0.35317898359124367
533,00;4,9218E+15;0.43959612602226095
534,00;5,30835E+15;0.34447346657363054
535,00;5,51479E+15;0.2936737036048398
536,00;5,25473E+15;0.35766842130772225
537,00;5,41854E+15;0.3173590842514722
538,00;5,5041E+16;0.29630553073393706
539,00;5,75128E+15;0.23547962912186604
540,00;5,40314E+15;0.3211496335248317
541,00;5,3274E+15;0.3397860142399862
542,00;5,67011E+16;0.2554530786555841
543,00;4,77478E+16;0.4757733045951783
544,00;5,19977E+15;0.3711941515842023
545,00;5,61236E+15;0.2696645467445896
546,00;5,39446E+15;0.3232849086249219
547,00;5,55195E+15;0.2845303394663856
548,00;5,69638E+15;0.24898962797600788
549,00;6,02314E+15;0.1685810451283246
550,00;5,97444E+16;0.18056556394728962
551,00;6,0026E+15;0.17363521385849168
552,00;6,06524E+14;0.15822205614936757
553,00;5,96273E+15;0.18344648924065743
554,00;6,00347E+15;0.1734222200592127
555,00;5,78641E+15;0.22683407082259643
556,00;5,90655E+15;0.19727065503654695
557,00;5,87001E+14;0.2062638549184843
558,00;5,55919E+16;0.2827476830953852
559,00;5,43368E+16;0.313634588579796
560,00;5,42193E+16;0.3165257917344566
561,00;5,41173E+15;0.31903547919716924
562,00;5,38569E+14;0.32544173075989746
563,00;5,30062E+15;0.346377615112768
564,00;5,5417E+16;0.28705130351666763
565,00;5,77185E+15;0.2304171468375622
566,00;5,52985E+16;0.2899692909514433
567,00;5,52985E+16;0.2899692909514433
568,00;5,73257E+14;0.2400825366897753
569,00;5,61642E+15;0.2686649848610495
570,00;5,29672E+15;0.34733608873637056
571,00;5,52686E+16;0.2907050550511049
572,00;5,5358E+15;0.28850531769464394
573,00;5,40141E+16;0.32157498542618135
574,00;5,57492E+14;0.2788774014502412
575,00;5,43368E+16;0.313634588579796
576,00;5,48073E+16;0.30205670980653765
577,00;5,40141E+16;0.32157498542618135
578,00;5,56207E+16;0.28203876284387064
579,00;5,58898E+16;0.2754187619077856
580,00;5,52835E+15;0.29033685640727114
581,00;5,30256E+15;0.3458999852829734
582,00;5,56351E+15;0.28168518251528196
583,00;5,44197E+15;0.31159312836253006
584,00;5,48388E+15;0.30128088586983837
585,00;5,09309E+16;0.3974457848203027
586,00;5,43033E+15;0.31445666366969927
587,00;5,52835E+15;0.29033685640727114
588,00;5,34604E+15;0.33519915881784246
589,00;5,48073E+16;0.30205670980653765
590,00;5,3442E+15;0.3356534400938246
591,00;5,34049E+16;0.3365649095343132
592,00;5,44691E+16;0.3103775463568693
593,00;5,41344E+15;0.31861514620056486
594,00;5,234E+15;0.3627698391189903
595,00;5,46318E+15;0.30637482151633644
596,00;5,57634E+15;0.2785290081214521
597,00;5,39096E+16;0.32414502753166685
598,00;5,33491E+15;0.3379394432739363
599,00;5,33304E+15;0.33839959255798757
600,00;5,22768E+15;0.3643243133153382
601,00;5,33863E+15;0.337022105986475
602,00;5,35886E+16;0.33204594078877914
603,00;4,65676E+15;0.5048153530072363
604,00;5,31602E+15;0.34258613192759646
605,00;5,46318E+15;0.30637482151633644
606,00;5,28295E+15;0.3507250041679847
607,00;4,36369E+15;0.576933468258186
608,00;4,43497E+15;0.5593929659295408
609,00;4,47609E+15;0.5492732411544845
610,00;4,47106E+15;0.5505123127978214
611,00;4,46599E+16;0.5517586093895215
612,00;4,45062E+15;0.555541703899094
613,00;4,50571E+15;0.5419859696555407
614,00;4,67292E+15;0.5008386939301368
615,00;4,71205E+15;0.4912091708833759
616,00;4,66083E+15;0.503814230521767
617,00;4,74214E+15;0.48380620546079334
618,00;4,68485E+16;0.49790401268038886
619,00;5,41854E+15;0.3173590842514722
620,00;5,55049E+15;0.28488866186361606
621,00;5,6404E+14;0.26276383292351146
622,00;5,61507E+16;0.26899765303698175
623,00;5,46156E+16;0.3067717376190514
624,00;5,6777E+16;0.2535863483629558
625,00;5,48545E+15;0.3008940273752888
626,00;5,58758E+15;0.2757621182224099
627,00;5,51175E+15;0.2944223532665181
628,00;5,65345E+15;0.2595544744300714
629,00;5,57775E+16;0.2781811817470693
630,00;5,49793E+16;0.297824110904396
631,00;5,41514E+15;0.31819563819565166
632,00;5,38745E+15;0.3250086216757545
633,00;5,54464E+14;0.2863279889181245
634,00;5,35156E+15;0.33384207959293954
635,00;5,20629E+15;0.36958909327899847
636,00;5,36429E+15;0.33070867306963025
637,00;5,38569E+14;0.32544173075989746
638,00;5,58478E+15;0.2764504900247843
639,00;5,22132E+14;0.36589017570253424
640,00;5,60691E+16;0.27100460918990543
641,00;5,28888E+16;0.3492660274458098
642,00;5,20629E+15;0.36958909327899847
643,00;5,26289E+16;0.35566146515479835
644,00;4,86914E+16;0.45255398782035094
645,00;5,06551E+15;0.4042317281004977
646,00;5,54317E+15;0.28668934024660775
647,00;5,72665E+16;0.24154151341195018
648,00;5,54023E+15;0.2874138808044435
649,00;5,38216E+15;0.32631059073639535
650,00;5,60964E+16;0.2703335277598493
651,00;5,6404E+14;0.26276383292351146
652,00;5,68272E+16;0.2523508578715078
653,00;5,44691E+16;0.3103775463568693
654,00;5,55485E+15;0.28381549177701426
655,00;5,38921E+15;0.32457638844475534
656,00;5,56638E+16;0.28097977177635014
657,00;5,40658E+15;0.3203014607455871
658,00;5,43534E+15;0.3132247336893228
659,00;5,42023E+16;0.316942031904736
660,00;5,1664E+15;0.3794053761733671
661,00;5,26289E+16;0.35566146515479835
662,00;5,46479E+16;0.3059786411250768
663,00;5,28691E+15;0.3497512473134201
664,00;5,39794E+16;0.3224282370977931
665,00;5,47597E+15;0.30322575151697917
666,00;5,35156E+15;0.33384207959293954
667,00;5,24027E+15;0.36122658866092283
668,00;5,48388E+15;0.30128088586983837
669,00;5,3122E+16;0.3435277160930226
670,00;5,20412E+15;0.3701227746046757
671,00;5,52985E+16;0.2899692909514433
672,00;5,51479E+15;0.2936737036048398
673,00;5,50256E+15;0.29668416548289056
674,00;5,40486E+15;0.3207251264143086
675,00;5,27698E+15;0.3521940083002568
676,00;4,99109E+15;0.422544755436834
677,00;5,2361E+15;0.3622541832358561
678,00;5,14806E+15;0.38391719034694505
679,00;4,89432E+15;0.44635821314305935
680,00;5,3122E+16;0.3435277160930226
681,00;5,5041E+16;0.29630553073393706
682,00;5,41854E+15;0.3173590842514722
683,00;5,37684E+15;0.32762053922820955
684,00;5,40486E+15;0.3207251264143086
685,00;5,29477E+16;0.34781694216727654
686,00;4,91273E+16;0.44182646897180844
687,00;5,22132E+14;0.36589017570253424
688,00;5,25062E+15;0.3586790107075938
689,00;5,24856E+15;0.3591861029024799
690,00;5,45995E+15;0.30716939217075534
691,00;5,68895E+16;0.2508164703782735
692,00;5,64434E+15;0.26179595537576994
693,00;5,68647E+15;0.25142890420670994
694,00;5,5973E+15;0.2733701271200345
695,00;5,44362E+15;0.31118716573357696
696,00;5,57492E+14;0.2788774014502412
697,00;5,50717E+15;0.29555026754564395
698,00;5,57066E+15;0.27992600172132687
699,00;5,5735E+15;0.2792263635847174
700,00;5,30835E+15;0.34447346657363054
701,00;5,5417E+16;0.28705130351666763
702,00;5,57775E+16;0.2781811817470693
703,00;5,47756E+15;0.30283536006618617
704,00;5,45019E+15;0.30957098215488554
705,00;5,66884E+15;0.25576579160074175
706,00;5,53875E+15;0.2877770741966579
707,00;5,45345E+15;0.3087674501563057
708,00;5,59454E+15;0.27405082597526265
709,00;5,03439E+15;0.41188887863220836
710,00;5,31983E+15;0.3416486775305517
711,00;5,41344E+15;0.31861514620056486
712,00;4,8366E+14;0.46056013951380337
713,00;4,65676E+15;0.5048153530072363
714,00;5,30256E+15;0.3458999852829734
715,00;5,06296E+14;0.40485945031346837
716,00;4,89741E+16;0.44559621853960507
717,00;4,42969E+15;0.5606922967387373
718,00;4,89121E+16;0.44712293402997105
719,00;5,36609E+16;0.33026476998195553
720,00;5,17766E+15;0.37663310306926
721,00;5,18435E+16;0.3749868361895652
722,00;5,27097E+15;0.35367317863195946
723,00;5,42193E+16;0.3165257917344566
724,00;4,93669E+15;0.4359298395636265
725,00;5,11981E+15;0.3908686732713166
726,00;5,14574E+15;0.3844879230222127
727,00;5,29281E+16;0.3482988798232961
728,00;5,07815E+15;0.40112047578751575
729,00;5,1799E+16;0.3760829373603807
730,00;5,21705E+15;0.36694049358948855
731,00;4,96575E+15;0.4287807028912174
732,00;5,13875E+15;0.3862093223392232
733,00;5,07059E+15;0.4029817873459758
734,00;5,42361E+16;0.3161103605834825
735,00;5,2319E+16;0.3632867420550514
736,00;5,3442E+15;0.3356534400938246
737,00;5,34788E+15;0.3347458410235502
738,00;5,57066E+15;0.27992600172132687
739,00;5,38921E+15;0.32457638844475534
740,00;5,53134E+15;0.289602356509584
741,00;5,2361E+15;0.3622541832358561
742,00;5,70129E+16;0.2477803502954694
743,00;5,58898E+16;0.2754187619077856
744,00;5,65345E+15;0.2595544744300714
745,00;5,68647E+15;0.25142890420670994
746,00;5,44855E+15;0.30997388380083957
747,00;5,55485E+15;0.28381549177701426
748,00;5,67138E+16;0.2551408225593037
749,00;5,54317E+15;0.28668934024660775
750,00;5,48859E+15;0.30012240466039386
751,00;5,14574E+15;0.3844879230222127
752,00;5,1029E+15;0.39503062624325314
753,00;4,64444E+15;0.5078471663922115
754,00;5,01571E+15;0.41648559901915627
755,00;5,42866E+15;0.3148688899496257
756,00;5,49482E+15;0.2985874662153898
757,00;5,21919E+14;0.3664146894869551
758,00;5,3962E+14;0.3228561436669184
759,00;5,43033E+15;0.31445666366969927
760,00;5,52686E+16;0.2907050550511049
761,00;5,39794E+16;0.3224282370977931
762,00;5,07312E+16;0.40235954743085267
763,00;5,10777E+15;0.39383320428857194
764,00;5,35521E+16;0.3329421234848835
765,00;5,1222E+15;0.39028066943447914
766,00;5,30643E+15;0.344947915736011
767,00;5,25678E+15;0.3571649128065857
768,00;5,04749E+15;0.4086649976052339
769,00;5,31983E+15;0.3416486775305517
770,00;5,12933E+16;0.38852630177478964
771,00;5,33863E+15;0.337022105986475
772,00;5,09555E+15;0.3968394319033246
773,00;5,44855E+15;0.30997388380083957
774,00;5,468E+15;0.3051884766026507
775,00;5,24235E+14;0.36071463809307935
776,00;4,89741E+16;0.44559621853960507
777,00;5,31028E+15;0.34400006824081986
778,00;5,37506E+15;0.32805897888941116
779,00;4,76763E+16;0.4775324853891333
780,00;5,03966E+15;0.4105934852132411
781,00;5,28295E+15;0.3507250041679847
782,00;4,97144E+16;0.42737912895168617
783,00;5,2361E+15;0.3622541832358561
784,00;4,17981E+15;0.6221812499878893
785,00;4,8755E+16;0.4509881254331549
786,00;5,55195E+15;0.2845303394663856
787,00;5,48073E+16;0.30205670980653765
788,00;5,59315E+15;0.27439199006986525
789,00;5,15728E+15;0.38164937851625413
790,00;5,5563E+15;0.2834589624868591
791,00;5,42023E+16;0.316942031904736
792,00;5,7074E+15;0.24627831136706668
793,00;5,85062E+15;0.21103333753551134
794,00;5,72665E+16;0.24154151341195018
795,00;5,74548E+15;0.23690741839840024
796,00;5,48545E+15;0.3008940273752888
797,00;5,38039E+15;0.3267463488075919
798,00;5,34604E+15;0.33519915881784246
799,00;5,22345E+15;0.36536694591886965
800,00;5,17317E+16;0.37773770118605343
801,00;5,05526E+16;0.4067537545285871
802,00;5,02109E+16;0.4151621318811115
803,00;5,47756E+15;0.30283536006618617
804,00;5,38745E+15;0.3250086216757545
805,00;5,4696E+15;0.30479448707194157
806,00;5,31028E+15;0.34400006824081986
807,00;5,28691E+15;0.3497512473134201
808,00;5,03439E+15;0.41188887863220836
809,00;5,00758E+15;0.41848629312681807
810,00;5,40486E+15;0.3207251264143086
811,00;5,38745E+15;0.3250086216757545
812,00;4,91878E+15;0.44033699074977606
813,00;5,40658E+15;0.3203014607455871
814,00;4,58451E+15;0.5225936516814433
815,00;4,53434E+16;0.5349389821451793
816,00;4,7568E+15;0.4801987061557479
817,00;5,20845E+14;0.369056741173441
818,00;5,42023E+16;0.316942031904736
819,00;5,47914E+15;0.3024456803595448
820,00;4,66083E+15;0.503814230521767
821,00;4,64444E+15;0.5078471663922115
822,00;4,7924E+15;0.4714376739918906
823,00;4,7889E+15;0.4722977928986355
824,00;4,67691E+16;0.49985598295815037
825,00;5,49793E+16;0.297824110904396
826,00;5,15498E+15;0.38221407966346055
827,00;5,51782E+15;0.29292766703630113
828,00;5,65474E+15;0.2592361731651567
829,00;5,39794E+16;0.3224282370977931
830,00;5,76163E+15;0.23293340001736618
831,00;5,70252E+16;0.24747909688423309
832,00;5,61777E+15;0.26833283365218763
833,00;5,64564E+15;0.2614743010488674
834,00;5,52835E+15;0.29033685640727114
835,00;5,57775E+16;0.2781811817470693
836,00;5,5534E+15;0.2841726167721922
837,00;5,51327E+15;0.2940477006554494
838,00;5,05268E+16;0.4073889385321253
839,00;5,38216E+15;0.32631059073639535
840,00;5,64564E+15;0.2614743010488674
841,00;5,52536E+15;0.29107388906823706
842,00;5,5735E+15;0.2792263635847174
843,00;5,42023E+16;0.316942031904736
844,00;5,56781E+14;0.28062793752424864
845,00;5,40658E+15;0.3203014607455871
846,00;5,11019E+15;0.39323699955084024
847,00;5,38216E+15;0.32631059073639535
848,00;5,16866E+15;0.3788480375006241
849,00;5,26895E+15;0.3541685189692746
850,00;4,81987E+15;0.46467855710142536
851,00;4,85302E+15;0.45651957949240507
852,00;5,24856E+15;0.3591861029024799
853,00;4,8755E+16;0.4509881254331549
854,00;5,25473E+15;0.35766842130772225
855,00;5,75589E+16;0.23434422533698784
856,00;5,65345E+15;0.2595544744300714
857,00;5,81159E+16;0.22063829614530495
858,00;5,4253E+15;0.31569573531303596
859,00;5,4712E+14;0.3044012224533822
860,00;5,66884E+15;0.25576579160074175
861,00;5,58478E+15;0.2764504900247843
862,00;5,34788E+15;0.3347458410235502
863,00;5,56923E+14;0.28027668147167206
864,00;5,14109E+15;0.3856339807808191
865,00;5,21061E+15;0.3685257116831726
866,00;5,61642E+15;0.2686649848610495
867,00;5,68272E+16;0.2523508578715078
868,00;5,55775E+15;0.2831030269176945
869,00;5,64434E+15;0.26179595537576994
870,00;5,73376E+15;0.23979193262068643
871,00;5,76732E+16;0.23153182607783496
872,00;5,73611E+15;0.23921190713613527
873,00;5,79415E+14;0.22492931624471368
874,00;5,73964E+15;0.2383448095579379
875,00;5,58478E+15;0.2764504900247843
876,00;5,64172E+13;0.2624407198462724
877,00;5,4696E+15;0.30479448707194157
878,00;5,36248E+16;0.33115349999374155
879,00;5,468E+15;0.3051884766026507
880,00;4,84976E+15;0.4573216039227186
881,00;4,54368E+15;0.5326406883891814
882,00;5,08814E+15;0.3986636756361769
883,00;5,05526E+16;0.4067537545285871
884,00;5,07815E+15;0.40112047578751575
885,00;5,31602E+15;0.34258613192759646
886,00;5,2361E+15;0.3622541832358561
887,00;5,15038E+15;0.3833479776007074
888,00;5,15957E+14;0.3810861653843348
889,00;5,28295E+15;0.3507250041679847
890,00;5,10777E+15;0.39383320428857194
891,00;5,35886E+16;0.33204594078877914
892,00;4,88182E+16;0.449433651236807
893,00;4,77121E+16;0.47665108513026344
894,00;4,97992E+16;0.42529385133951714
895,00;5,53875E+15;0.2877770741966579
896,00;5,52536E+15;0.29107388906823706
897,00;5,33491E+15;0.3379394432739363
898,00;5,55049E+15;0.28488866186361606
899,00;5,35339E+15;0.33339162787745236
900,00;5,36429E+15;0.33070867306963025
901,00;5,00485E+15;0.4191573745568742
902,00;5,3122E+16;0.3435277160930226
903,00;5,55195E+15;0.2845303394663856
904,00;5,4253E+15;0.31569573531303596
905,00;5,39968E+15;0.3220011854874172
906,00;4,74214E+15;0.48380620546079334
907,00;4,89121E+16;0.44712293402997105
908,00;4,76763E+16;0.4775324853891333
909,00;5,35156E+15;0.33384207959293954
910,00;5,15268E+15;0.3827802767094932
911,00;4,9218E+15;0.43959612602226095
912,00;5,38745E+15;0.3250086216757545
913,00;5,66502E+16;0.25670668494649973
914,00;5,84129E+15;0.21333025914941595
915,00;5,67138E+16;0.2551408225593037
916,00;5,61777E+15;0.26833283365218763
917,00;5,79964E+15;0.2235790953307334
918,00;5,81159E+16;0.22063829614530495
919,00;5,80183E+15;0.22304138621723368
920,00;5,47597E+15;0.30322575151697917
921,00;5,62983E+15;0.2653664740297479
922,00;5,41002E+15;0.319456640436667
923,00;5,43033E+15;0.31445666366969927
924,00;5,75474E+15;0.23462751134252469
925,00;5,72187E+15;0.24271590790434794
926,00;5,50256E+15;0.29668416548289056
927,00;5,45508E+15;0.30836681412543676
928,00;5,44032E+15;0.31199986351836007
929,00;5,67518E+15;0.25420678206388403
930,00;5,61236E+15;0.2696645467445896
931,00;5,38039E+15;0.3267463488075919
932,00;5,32552E+15;0.3402501604807726
933,00;5,34235E+15;0.33610868895579005
934,00;4,87233E+15;0.4517696226836312
935,00;5,26491E+15;0.35516265685399173
936,00;5,34788E+15;0.3347458410235502
937,00;5,25062E+15;0.3586790107075938
938,00;5,24856E+15;0.3591861029024799
939,00;4,94551E+15;0.43375987920078996
940,00;4,89741E+16;0.44559621853960507
941,00;5,2361E+15;0.3622541832358561
942,00;4,67691E+16;0.49985598295815037
943,00;4,98552E+15;0.4239148835893787
944,00;5,08316E+16;0.3998885458071395
945,00;4,56207E+16;0.5281169373093055
946,00;4,96289E+15;0.4294849515016219
947,00;5,14806E+15;0.38391719034694505
948,00;4,39731E+16;0.568658657077725
949,00;5,07815E+15;0.40112047578751575
950,00;4,34052E+15;0.5826335196520618
951,00;4,30458E+16;0.5914791651250532
952,00;4,46599E+16;0.5517586093895215
953,00;4,54368E+15;0.5326406883891814
954,00;4,58451E+15;0.5225936516814433
955,00;4,67292E+15;0.5008386939301368
956,00;4,88809E+16;0.44789040077873965
957,00;4,73098E+16;0.4865523579249561
958,00;4,74214E+15;0.48380620546079334
959,00;4,70437E+16;0.49310068110297955
960,00;4,55292E+15;0.5303668450304293
961,00;4,5249E+15;0.5372622578443302
962,00;4,38066E+15;0.5727560207587217
963,00;4,32871E+15;0.5855415816527701
964,00;4,26708E+15;0.6007067531873196
965,00;4,40824E+15;0.565970077478527
966,00;4,99937E+15;0.42050589171075636
967,00;5,44527E+16;0.3107819727024861
968,00;5,57492E+14;0.2788774014502412
969,00;5,11981E+15;0.3908686732713166
970,00;5,17317E+16;0.37773770118605343
971,00;5,48388E+15;0.30128088586983837
972,00;5,41173E+15;0.31903547919716924
973,00;5,18435E+16;0.3749868361895652
974,00;5,58758E+15;0.2757621182224099
975,00;5,77298E+15;0.23013938297795267
976,00;5,84856E+15;0.211541635658274
977,00;5,6777E+16;0.2535863483629558
978,00;5,67265E+15;0.25482902197900714
979,00;5,74896E+15;0.2360496008193309
980,00;5,80509E+15;0.22223735043564885
981,00;5,7786E+16;0.22875595251790182
982,00;5,68272E+16;0.2523508578715078
983,00;5,5417E+16;0.28705130351666763
984,00;5,5534E+15;0.2841726167721922
985,00;5,49793E+16;0.297824110904396
986,00;5,70129E+16;0.2477803502954694
987,00;5,56351E+15;0.28168518251528196
988,00;5,56781E+14;0.28062793752424864
989,00;5,46156E+16;0.3067717376190514
990,00;5,06805E+14;0.40360584402255273
991,00;5,08565E+16;0.399275233306295
992,00;4,9686E+15;0.4280787670882955
993,00;4,9005E+15;0.4448369308498593
994,00;4,73471E+16;0.48563304786305894
995,00;5,12933E+16;0.38852630177478964
996,00;5,04749E+15;0.4086649976052339
997,00;5,36248E+16;0.33115349999374155
998,00;5,37862E+15;0.32718299708997134
999,00;5,72307E+16;0.24242170378372085
1000,00;5,57066E+15;0.27992600172132687
1001,00;5,53728E+15;0.2881408857906893
1002,00;5,56207E+16;0.28203876284387064
1003,00;5,56063E+15;0.2823929290556243
1004,00;5,34972E+15;0.3342934826327145
1005,00;5,76163E+15;0.23293340001736618
1006,00;5,58758E+15;0.2757621182224099
1007,00;5,38921E+15;0.32457638844475534
1008,00;5,31793E+14;0.3421168907734008
1009,00;5,58478E+15;0.2764504900247843
1010,00;5,56638E+16;0.28097977177635014
1011,00;5,43201E+15;0.3140452308960955
1012,00;5,12933E+16;0.38852630177478964
1013,00;5,11019E+15;0.39323699955084024
1014,00;4,9218E+15;0.43959612602226095
1015,00;4,82324E+14;0.4638485006800047
1016,00;4,71967E+15;0.48933425307241185
1017,00;4,69661E+15;0.49500908003008803
1018,00;4,54832E+14;0.5315007429676759
1019,00;4,24115E+13;0.6070875034364234
1020,00;4,69271E+15;0.4959697075342451
1021,00;5,07564E+15;0.40173911372992455
1022,00;5,07059E+15;0.4029817873459758
1023,00;5,25678E+15;0.3571649128065857
1024,00;5,38393E+16;0.3258757192539521
1025,00;5,17542E+16;0.3771846885621879
1026,00;5,30062E+15;0.346377615112768
1027,00;5,58478E+15;0.2764504900247843
1028,00;5,70007E+15;0.2480820289057336
1029,00;5,64825E+15;0.2608324409272016
1030,00;5,73493E+15;0.2395017231261508
1031,00;5,43033E+15;0.31445666366969927
1032,00;5,52536E+15;0.29107388906823706
1033,00;5,57492E+14;0.2788774014502412
1034,00;5,65861E+14;0.2582841036181943
1035,00;4,89741E+16;0.44559621853960507
1036,00;5,36969E+15;0.32937972002216465
1037,00;5,48073E+16;0.30205670980653765
1038,00;4,85302E+15;0.45651957949240507
1039,00;5,42698E+15;0.3152819128025691
1040,00;4,51055E+15;0.5407952186098622
1041,00;4,65267E+15;0.5058211866746909
1042,00;4,58007E+15;0.5236869495122161
1043,00;4,96575E+15;0.4287807028912174
1044,00;5,16185E+15;0.38052443244632117
1045,00;5,48702E+16;0.3005078678124561
1046,00;5,65085E+15;0.2601925025453027
1047,00;5,48073E+16;0.30205670980653765
1048,00;5,64695E+15;0.26115313004945984
1049,00;5,05526E+16;0.4067537545285871
1050,00;5,5358E+15;0.28850531769464394
1051,00;5,3274E+15;0.3397860142399862
1052,00;5,20195E+15;0.3706577918049019
1053,00;4,98552E+15;0.4239148835893787
1054,00;4,91576E+15;0.4410804324032698
1055,00;4,96289E+15;0.4294849515016219
1056,00;4,89432E+15;0.44635821314305935
1057,00;4,98552E+15;0.4239148835893787
1058,00;5,52084E+15;0.2921842253828075
1059,00;5,64695E+15;0.26115313004945984
1060,00;5,60006E+15;0.2726915892171887
1061,00;5,59315E+15;0.27439199006986525
1062,00;5,57492E+14;0.2788774014502412
1063,00;5,63645E+16;0.2637361132652397
1064,00;5,09309E+16;0.3974457848203027
1065,00;5,62983E+15;0.2653664740297479
1066,00;5,42698E+15;0.3152819128025691
1067,00;5,48702E+16;0.3005078678124561
1068,00;5,29084E+15;0.34878190660488806
1069,00;5,53728E+15;0.2881408857906893
1070,00;5,2361E+15;0.3622541832358561
1071,00;5,29477E+16;0.34781694216727654
1072,00;4,47609E+15;0.5492732411544845
1073,00;5,22557E+15;0.3648449938648861
1074,00;4,93374E+15;0.4366580830616127
1075,00;5,44691E+16;0.3103775463568693
1076,00;5,42866E+15;0.3148688899496257
1077,00;5,27897E+15;0.3517032175911817
1078,00;5,00485E+15;0.4191573745568742
1079,00;5,34604E+15;0.33519915881784246
1080,00;5,26289E+16;0.35566146515479835
1081,00;5,43033E+15;0.31445666366969927
1082,00;5,28691E+15;0.3497512473134201
1083,00;5,35886E+16;0.33204594078877914
1084,00;5,38745E+15;0.3250086216757545
1085,00;5,37506E+15;0.32805897888941116
1086,00;4,63194E+15;0.5109226044859589
1087,00;4,38066E+15;0.5727560207587217
1088,00;4,67292E+15;0.5008386939301368
1089,00;5,43368E+16;0.313634588579796
1090,00;5,34604E+15;0.33519915881784246
1091,00;5,26694E+16;0.3546650099239699
1092,00;4,50571E+15;0.5419859696555407
1093,00;4,63613E+15;0.5098925337699467
1094,00;4,76042E+15;0.4793062653607103
1095,00;4,79588E+15;0.47058100246476176
1096,00;4,92779E+15;0.43812205631841195
1097,00;5,31411E+16;0.34305640551640715
1098,00;5,44691E+16;0.3103775463568693
1099,00;5,611E+13;0.269998775522451
1100,00;5,22979E+16;0.3638048980903652
1101,00;5,22979E+16;0.3638048980903652
1102,00;4,98552E+15;0.4239148835893787
1103,00;4,77121E+16;0.47665108513026344
1104,00;4,8028E+16;0.46887789178127726
1105,00;4,71587E+15;0.4902696561403693
1106,00;4,73843E+15;0.4847176749012819
1107,00;4,58451E+15;0.5225936516814433
1108,00;4,74582E+15;0.48289860639051885
1109,00;4,62773E+15;0.511957663457334
1110,00;4,8755E+16;0.4509881254331549
1111,00;4,84649E+16;0.4581266491678082
1112,00;4,9248E+15;0.43885782041807353
1113,00;4,89432E+15;0.44635821314305935
1114,00;4,76403E+15;0.4784175353489243
1115,00;5,22768E+15;0.3643243133153382
1116,00;5,23819E+15;0.36173976840297795
1117,00;5,30643E+15;0.344947915736011
1118,00;5,44362E+15;0.31118716573357696
1119,00;6,04815E+15;0.16242689850840297
1120,00;5,92663E+15;0.19232984675160236
1121,00;5,87101E+16;0.20601575360230584
1122,00;5,58478E+15;0.2764504900247843
1123,00;5,47279E+15;0.30400868008429904
1124,00;5,85679E+15;0.2095156559407535
1125,00;5,68895E+16;0.2508164703782735
1126,00;5,70618E+16;0.2465778759008811
1127,00;5,76959E+16;0.23097375980808732
1128,00;5,78863E+15;0.22628812094750594
1129,00;5,29672E+15;0.34733608873637056
1130,00;5,10534E+16;0.39443107673403544
1131,00;5,08316E+16;0.3998885458071395
1132,00;5,38569E+14;0.32544173075989746
1133,00;5,89487E+15;0.20014611445632746
1134,00;5,78196E+15;0.22793017199341203
1135,00;5,62449E+15;0.26667977622541217
1136,00;5,26895E+15;0.3541685189692746
1137,00;5,54464E+14;0.2863279889181245
1138,00;5,59868E+16;0.27303058890742604
1139,00;5,73021E+15;0.24066493285362145
1140,00;5,64434E+15;0.26179595537576994
1141,00;5,55049E+15;0.28488866186361606
1142,00;4,96001E+15;0.4301915282108393
1143,00;4,94843E+14;0.4330414272305847
1144,00;5,47756E+15;0.30283536006618617
1145,00;5,62315E+15;0.26700936651414275
1146,00;5,66246E+15;0.25733625612300304
1147,00;5,8978E+16;0.1994236148617019
1148,00;5,85371E+16;0.2102731496806325
1149,00;5,49793E+16;0.297824110904396
1150,00;5,44855E+15;0.30997388380083957
1151,00;5,67011E+16;0.2554530786555841
1152,00;5,80618E+16;0.22197000923770693
1153,00;5,42023E+16;0.316942031904736
1154,00;5,45671E+15;0.3079669276479158
1155,00;5,38745E+15;0.3250086216757545
1156,00;5,47597E+15;0.30322575151697917
1157,00;5,71707E+15;0.2438967907970253
1158,00;5,71346E+15;0.24478675430302088
1159,00;5,70496E+15;0.24687786087628438
1160,00;5,68771E+15;0.25112246793932635
1161,00;5,43033E+15;0.31445666366969927
1162,00;5,80073E+15;0.22331007168302275
1163,00;5,68895E+16;0.2508164703782735
1164,00;5,64172E+13;0.2624407198462724
1165,00;5,5087E+16;0.29517363439111577
1166,00;5,70007E+15;0.2480820289057336
1167,00;5,5534E+15;0.2841726167721922
1168,00;5,61912E+15;0.2680011978061535
1169,00;5,37148E+15;0.32893856556237755
1170,00;5,15957E+14;0.3810861653843348
1171,00;5,3962E+14;0.3228561436669184
1172,00;5,62047E+16;0.26767007572615875
1173,00;5,60555E+15;0.2713409416902868
1174,00;5,21276E+16;0.36799599825246965
1175,00;5,56781E+14;0.28062793752424864
1176,00;5,35156E+15;0.33384207959293954
1177,00;5,52985E+16;0.2899692909514433
1178,00;5,61912E+15;0.2680011978061535
1179,00;5,06551E+15;0.4042317281004977
1180,00;5,41514E+15;0.31819563819565166
1181,00;5,44855E+15;0.30997388380083957
1182,00;5,437E+15;0.3128156632106023
1183,00;5,35886E+16;0.33204594078877914
1184,00;5,41173E+15;0.31903547919716924
1185,00;5,45345E+15;0.3087674501563057
1186,00;5,39271E+15;0.32371453542261697
1187,00;5,29084E+15;0.34878190660488806
1188,00;5,58618E+14;0.2761060270011737
1189,00;5,38569E+14;0.32544173075989746
1190,00;5,58758E+15;0.2757621182224099
1191,00;5,49171E+16;0.29935355757277216
1192,00;5,36429E+15;0.33070867306963025
1193,00;5,45019E+15;0.30957098215488554
1194,00;5,13875E+15;0.3862093223392232
1195,00;5,4823E+14;0.301668445830764
1196,00;5,49015E+15;0.2997376354117709
1197,00;5,49482E+15;0.2985874662153898
1198,00;5,44855E+15;0.30997388380083957
1199,00;5,52536E+15;0.29107388906823706
1200,00;5,41002E+15;0.319456640436667
1201,00;5,46479E+16;0.3059786411250768
1202,00;5,44362E+15;0.31118716573357696
1203,00;5,48545E+15;0.3008940273752888
1204,00;5,15957E+14;0.3810861653843348
1205,00;5,61912E+15;0.2680011978061535
1206,00;5,55195E+15;0.2845303394663856
1207,00;5,5358E+15;0.28850531769464394
1208,00;5,43368E+16;0.313634588579796
1209,00;5,07815E+15;0.40112047578751575
1210,00;5,59868E+16;0.27303058890742604
1211,00;5,35156E+15;0.33384207959293954
1212,00;5,38745E+15;0.3250086216757545
1213,00;5,5087E+16;0.29517363439111577
1214,00;5,33116E+15;0.3388607346136471
1215,00;5,33863E+15;0.337022105986475
1216,00;5,611E+13;0.269998775522451
1217,00;5,35156E+15;0.33384207959293954
1218,00;5,14342E+15;0.38506018376536855
1219,00;5,1664E+15;0.3794053761733671
1220,00;5,19977E+15;0.3711941515842023
1221,00;5,01571E+15;0.41648559901915627
1222,00;5,12933E+16;0.38852630177478964
1223,00;4,86914E+16;0.45255398782035094
1224,00;4,82995E+15;0.4621979962630641
1225,00;4,7889E+15;0.4722977928986355
1226,00;4,8366E+14;0.46056013951380337
1227,00;4,86594E+16;0.45334124196961934
1228,00;4,87233E+15;0.4517696226836312
1229,00;4,86273E+15;0.45413140649204553
1230,00;4,78187E+16;0.4740284846209205
1231,00;4,71967E+15;0.48933425307241185
1232,00;4,68089E+16;0.49887776953495333
1233,00;4,68878E+16;0.4969346719718567
1234,00;5,31028E+15;0.34400006824081986
1235,00;5,56207E+16;0.28203876284387064
1236,00;5,48388E+15;0.30128088586983837
1237,00;5,08565E+16;0.399275233306295
1238,00;5,51479E+15;0.2936737036048398
1239,00;5,30835E+15;0.34447346657363054
1240,00;5,56495E+15;0.2813321861346533
1241,00;5,60006E+15;0.2726915892171887
1242,00;4,99937E+15;0.42050589171075636
1243,00;5,65603E+16;0.2589183452108478
1244,00;5,48702E+16;0.3005078678124561
1245,00;5,59176E+15;0.27473369959091043
1246,00;5,47914E+15;0.3024456803595448
1247,00;5,22979E+16;0.3638048980903652
1248,00;4,98831E+15;0.4232287216521299
1249,00;5,49793E+16;0.297824110904396
1250,00;5,84441E+15;0.2125618727261106
1251,00;5,74664E+15;0.23662109650710517
1252,00;5,70252E+16;0.24747909688423309
1253,00;5,50717E+15;0.29555026754564395
1254,00;5,31028E+15;0.34400006824081986
1255,00;5,17542E+16;0.3771846885621879
1256,00;5,01301E+15;0.4171504184039505
1257,00;4,86914E+16;0.45255398782035094
1258,00;4,69661E+15;0.49500908003008803
1259,00;4,7889E+15;0.4722977928986355
1260,00;4,61926E+15;0.5140429410695029
1261,00;4,51536E+16;0.539611064556727
1262,00;4,70822E+15;0.4921528336077885
1263,00;4,86273E+15;0.45413140649204553
1264,00;5,34049E+16;0.3365649095343132
1265,00;5,24235E+14;0.36071463809307935
1266,00;5,35704E+15;0.3324935624390575
1267,00;5,07059E+15;0.4029817873459758
1268,00;5,45995E+15;0.30716939217075534
1269,00;5,60006E+15;0.2726915892171887
1270,00;5,44855E+15;0.30997388380083957
1271,00;5,49015E+15;0.2997376354117709
1272,00;4,93077E+16;0.4373888162858014
1273,00;4,70822E+15;0.4921528336077885
1274,00;4,93077E+16;0.4373888162858014
1275,00;5,38921E+15;0.32457638844475534
1276,00;5,35704E+15;0.3324935624390575
1277,00;5,40141E+16;0.32157498542618135
1278,00;5,41173E+15;0.31903547919716924
1279,00;5,33116E+15;0.3388607346136471
1280,00;5,28295E+15;0.3507250041679847
1281,00;4,94843E+14;0.4330414272305847
1282,00;5,08565E+16;0.399275233306295
1283,00;5,25882E+16;0.3566625876402677
1284,00;5,24027E+15;0.36122658866092283
1285,00;5,35339E+15;0.33339162787745236
1286,00;5,47439E+15;0.30361685731666244
1287,00;5,6285E+16;0.2656940438408193
1288,00;5,36969E+15;0.32937972002216465
1289,00;5,53431E+15;0.2888703720274307
1290,00;5,33116E+15;0.3388607346136471
1291,00;5,52536E+15;0.29107388906823706
1292,00;5,51022E+15;0.29479766374027927
1293,00;5,52686E+16;0.2907050550511049
1294,00;5,65861E+14;0.2582841036181943
1295,00;5,72068E+15;0.24301051754422232
1296,00;5,63909E+15;0.2630874351956034
1297,00;5,47914E+15;0.3024456803595448
1298,00;5,55919E+16;0.2827476830953852
1299,00;5,5534E+15;0.2841726167721922
1300,00;5,34604E+15;0.33519915881784246
1301,00;5,34235E+15;0.33610868895579005
1302,00;5,34972E+15;0.3342934826327145
1303,00;5,44032E+15;0.31199986351836007
1304,00;5,47914E+15;0.3024456803595448
1305,00;5,44032E+15;0.31199986351836007
1306,00;5,37862E+15;0.32718299708997134
1307,00;5,23819E+15;0.36173976840297795
1308,00;5,17766E+15;0.37663310306926
1309,00;5,19977E+15;0.3711941515842023
1310,00;5,234E+15;0.3627698391189903
1311,00;5,28888E+16;0.3492660274458098
1312,00;5,35704E+15;0.3324935624390575
1313,00;5,24235E+14;0.36071463809307935
1314,00;5,38569E+14;0.32544173075989746
1315,00;5,45833E+16;0.30756778792428885
1316,00;5,46318E+15;0.30637482151633644
1317,00;5,5735E+15;0.2792263635847174
1318,00;5,74896E+15;0.2360496008193309
1319,00;5,77411E+16;0.22986197961664012
1320,00;5,59037E+16;0.27507595628516124
1321,00;5,65989E+15;0.25796768718751506
1322,00;5,66374E+16;0.25702123873379257
1323,00;5,66374E+16;0.25702123873379257
1324,00;5,66118E+15;0.2576517384826985
1325,00;5,57066E+15;0.27992600172132687
1326,00;5,53431E+15;0.2888703720274307
1327,00;5,45671E+15;0.3079669276479158
1328,00;5,47597E+15;0.30322575151697917
1329,00;5,71225E+15;0.2450842341838717
1330,00;5,58618E+14;0.2761060270011737
1331,00;5,611E+13;0.269998775522451
1332,00;5,5534E+15;0.2841726167721922
1333,00;5,4253E+15;0.31569573531303596
1334,00;5,42698E+15;0.3152819128025691
1335,00;5,39271E+15;0.32371453542261697
1336,00;5,3442E+15;0.3356534400938246
1337,00;5,39446E+15;0.3232849086249219
1338,00;5,49327E+15;0.2989701686630024
1339,00;5,5563E+15;0.2834589624868591
1340,00;5,59454E+15;0.27405082597526265
1341,00;5,28096E+15;0.35121355126043163
1342,00;5,40141E+16;0.32157498542618135
1343,00;5,52686E+16;0.2907050550511049
1344,00;5,17092E+15;0.3782921483449213
1345,00;5,26694E+16;0.3546650099239699
1346,00;5,36789E+16;0.32982178690133956
1347,00;5,32928E+16;0.3393228737339872
1348,00;5,4253E+15;0.31569573531303596
1349,00;5,44362E+15;0.31118716573357696
1350,00;5,50717E+15;0.29555026754564395
1351,00;5,45995E+15;0.30716939217075534
1352,00;5,33863E+15;0.337022105986475
1353,00;5,45019E+15;0.30957098215488554
1354,00;5,42698E+15;0.3152819128025691
1355,00;5,42866E+15;0.3148688899496257
1356,00;5,29084E+15;0.34878190660488806
1357,00;5,27298E+15;0.35317898359124367
1358,00;5,07059E+15;0.4029817873459758
1359,00;5,08565E+16;0.399275233306295
1360,00;5,12459E+15;0.38969427877891893
1361,00;5,20629E+15;0.36958909327899847
1362,00;5,28295E+15;0.3507250041679847
1363,00;5,43201E+15;0.3140452308960955
1364,00;5,42023E+16;0.316942031904736
1365,00;5,41514E+15;0.31819563819565166
1366,00;5,41684E+15;0.31777695195033395
1367,00;5,43534E+15;0.3132247336893228
1368,00;5,54023E+15;0.2874138808044435
1369,00;5,55919E+16;0.2827476830953852
1370,00;5,54317E+15;0.28668934024660775
1371,00;5,47439E+15;0.30361685731666244
1372,00;5,61372E+15;0.26933083979173034
1373,00;5,4696E+15;0.30479448707194157
1374,00;5,31983E+15;0.3416486775305517
1375,00;5,30062E+15;0.346377615112768
1376,00;5,28493E+15;0.35023757120898447
1377,00;5,25678E+15;0.3571649128065857
1378,00;5,31411E+16;0.34305640551640715
1379,00;5,37506E+15;0.32805897888941116
1380,00;5,30643E+15;0.344947915736011
1381,00;5,34972E+15;0.3342934826327145
1382,00;5,40658E+15;0.3203014607455871
1383,00;5,43534E+15;0.3132247336893228
1384,00;5,40141E+16;0.32157498542618135
1385,00;5,38921E+15;0.32457638844475534
1386,00;5,41173E+15;0.31903547919716924
1387,00;5,36609E+16;0.33026476998195553
1388,00;5,38393E+16;0.3258757192539521
1389,00;5,36067E+16;0.33159925460762596
1390,00;5,31028E+15;0.34400006824081986
1391,00;5,30835E+15;0.34447346657363054
1392,00;5,29281E+16;0.3482988798232961
1393,00;5,24027E+15;0.36122658866092283
1394,00;5,19758E+15;0.37173186069770203
1395,00;5,16185E+15;0.38052443244632117
1396,00;5,36609E+16;0.33026476998195553
1397,00;5,52686E+16;0.2907050550511049
1398,00;5,5358E+15;0.28850531769464394
1399,00;5,34235E+15;0.33610868895579005
1400,00;5,4712E+14;0.3044012224533822
1401,00;5,51022E+15;0.29479766374027927
1402,00;5,5358E+15;0.28850531769464394
1403,00;5,37506E+15;0.32805897888941116
1404,00;5,41514E+15;0.31819563819565166
1405,00;5,45182E+16;0.30916883855574984
1406,00;5,18213E+16;0.3755341841452474
1407,00;5,2465E+15;0.35969440102524286
1408,00;5,37148E+15;0.32893856556237755
1409,00;4,99937E+15;0.42050589171075636
1410,00;5,34972E+15;0.3342934826327145
1411,00;5,43866E+15;0.3124073741468347
1412,00;5,11019E+15;0.39323699955084024
1413,00;5,16185E+15;0.38052443244632117
1414,00;5,10534E+16;0.39443107673403544
1415,00;4,94551E+15;0.43375987920078996
1416,00;4,86594E+16;0.45334124196961934
1417,00;4,89432E+15;0.44635821314305935
1418,00;4,66083E+15;0.503814230521767
1419,00;4,60639E+15;0.5172095065404094
1420,00;4,41903E+15;0.5633148972480801
1421,00;4,58007E+15;0.5236869495122161
1422,00;4,5756E+15;0.5247858684362288
1423,00;4,89741E+16;0.44559621853960507
1424,00;4,78539E+16;0.47316138704272315
1425,00;5,18435E+16;0.3749868361895652
1426,00;5,14574E+15;0.3844879230222127
1427,00;4,7889E+15;0.4722977928986355
1428,00;5,38569E+14;0.32544173075989746
1429,00;5,60555E+15;0.2713409416902868
1430,00;5,468E+15;0.3051884766026507
1431,00;5,54464E+14;0.2863279889181245
1432,00;5,53283E+15;0.28923605091883275
1433,00;5,468E+15;0.3051884766026507
1434,00;5,42193E+16;0.3165257917344566
1435,00;5,17766E+15;0.37663310306926
1436,00;5,15268E+15;0.3827802767094932
1437,00;5,41854E+15;0.3173590842514722
1438,00;5,34972E+15;0.3342934826327145
1439,00;5,09801E+16;0.39623479427270225
1440,00;5,30449E+16;0.3454234204035155
1441,00;5,36609E+16;0.33026476998195553
1442,00;5,15038E+15;0.3833479776007074
1443,00;4,85302E+15;0.45651957949240507
1444,00;5,00758E+15;0.41848629312681807
1445,00;4,58893E+16;0.5215059177313932
1446,00;4,68485E+16;0.49790401268038886
1447,00;4,68878E+16;0.4969346719718567
1448,00;4,73471E+16;0.48563304786305894
1449,00;4,8595E+15;0.45492450298602016
1450,00;5,14109E+15;0.3856339807808191
1451,00;4,93374E+15;0.4366580830616127
1452,00;4,96575E+15;0.4287807028912174
1453,00;5,2361E+15;0.3622541832358561
1454,00;5,38569E+14;0.32544173075989746
1455,00;5,21919E+14;0.3664146894869551
1456,00;5,12696E+15;0.3891094924773615
1457,00;5,22979E+16;0.3638048980903652
1458,00;5,48702E+16;0.3005078678124561
1459,00;5,58898E+16;0.2754187619077856
1460,00;5,60418E+16;0.27167780426574994
1461,00;5,48702E+16;0.3005078678124561
1462,00;5,37506E+15;0.32805897888941116
1463,00;5,18213E+16;0.3755341841452474
1464,00;4,96575E+15;0.4287807028912174
1465,00;4,76403E+15;0.4784175353489243
1466,00;4,89432E+15;0.44635821314305935
1467,00;5,5973E+15;0.2733701271200345
1468,00;5,58898E+16;0.2754187619077856
1469,00;5,51327E+15;0.2940477006554494
1470,00;5,66757E+15;0.25607896273352904
1471,00;5,72068E+15;0.24301051754422232
1472,00;5,70983E+16;0.2456804389216034
1473,00;5,67011E+16;0.2554530786555841
1474,00;5,6404E+14;0.26276383292351146
1475,00;5,78419E+15;0.22738141877827867
1476,00;5,66629E+14;0.25639259339859044
1477,00;5,5534E+15;0.2841726167721922
1478,00;5,6404E+14;0.26276383292351146
1479,00;5,53875E+15;0.2877770741966579
1480,00;5,59176E+15;0.27473369959091043
1481,00;5,60691E+16;0.27100460918990543
1482,00;5,44032E+15;0.31199986351836007
1483,00;5,14342E+15;0.38506018376536855
1484,00;5,0604E+16;0.4054890214899718
1485,00;4,88809E+16;0.44789040077873965
1486,00;4,8266E+15;0.46302165531659434
1487,00;4,9771E+15;0.4259866858518039
1488,00;5,0604E+16;0.4054890214899718
1489,00;5,40658E+15;0.3203014607455871
1490,00;5,4712E+14;0.3044012224533822
1491,00;5,10777E+15;0.39383320428857194
1492,00;5,44032E+15;0.31199986351836007
1493,00;5,46639E+15;0.3055831937229341
1494,00;5,30449E+16;0.3454234204035155
1495,00;5,21919E+14;0.3664146894869551
1496,00;5,437E+15;0.3128156632106023
1497,00;5,28096E+15;0.35121355126043163
1498,00;5,13875E+15;0.3862093223392232
1499,00;5,63777E+14;0.26341152814608226
1500,00;5,24443E+14;0.36020391082524916
1501,00;4,87233E+15;0.4517696226836312
1502,00;5,16185E+15;0.38052443244632117
1503,00;5,47914E+15;0.3024456803595448
1504,00;5,09801E+16;0.39623479427270225
1505,00;5,2319E+16;0.3632867420550514
1506,00;5,14806E+15;0.38391719034694505
1507,00;4,77121E+16;0.47665108513026344
1508,00;5,19539E+15;0.372270925951638
1509,00;5,34788E+15;0.3347458410235502
1510,00;5,61372E+15;0.26933083979173034
1511,00;5,53728E+15;0.2881408857906893
1512,00;5,40486E+15;0.3207251264143086
1513,00;5,41173E+15;0.31903547919716924
1514,00;5,36789E+16;0.32982178690133956
1515,00;5,28096E+15;0.35121355126043163
1516,00;5,56923E+14;0.28027668147167206
1517,00;5,64172E+13;0.2624407198462724
1518,00;5,71948E+16;0.24330553382278963
1519,00;5,64564E+15;0.2614743010488674
1520,00;5,60281E+16;0.2720151985897771
1521,00;5,26491E+15;0.35516265685399173
1522,00;5,1029E+15;0.39503062624325314
1523,00;5,29672E+15;0.34733608873637056
1524,00;5,18435E+16;0.3749868361895652
1525,00;4,71967E+15;0.48933425307241185
1526,00;4,4811E+13;0.548041311174108
1527,00;4,43497E+15;0.5593929659295408
1528,00;4,31067E+15;0.5899792343387771
1529,00;4,95134E+15;0.43232538213916094
1530,00;5,5041E+16;0.29630553073393706
1531,00;5,45995E+15;0.30716939217075534
1532,00;5,45345E+15;0.3087674501563057
1533,00;5,25062E+15;0.3586790107075938
1534,00;5,48859E+15;0.30012240466039386
1535,00;5,49638E+15;0.2982054477760908
1536,00;5,40141E+16;0.32157498542618135
1537,00;5,51327E+15;0.2940477006554494
1538,00;5,03175E+16;0.4125395313717686
1539,00;5,0103E+15;0.41781731211155837
1540,00;5,02644E+15;0.41384680920778805
1541,00;5,45345E+15;0.3087674501563057
1542,00;5,51327E+15;0.2940477006554494
1543,00;5,52835E+15;0.29033685640727114
1544,00;5,59037E+16;0.27507595628516124
1545,00;5,67391E+15;0.2545176755876264
1546,00;5,59176E+15;0.27473369959091043
1547,00;5,60281E+16;0.2720151985897771
1548,00;5,5973E+15;0.2733701271200345
1549,00;5,55049E+15;0.28488866186361606
1550,00;5,63381E+15;0.26438676600479993
1551,00;5,53283E+15;0.28923605091883275
1552,00;5,60964E+16;0.2703335277598493
1553,00;5,73139E+15;0.240373536407821
1554,00;5,61236E+15;0.2696645467445896
1555,00;5,44855E+15;0.30997388380083957
1556,00;5,33116E+15;0.3388607346136471
1557,00;5,46639E+15;0.3055831937229341
1558,00;5,47756E+15;0.30283536006618617
1559,00;5,49015E+15;0.2997376354117709
1560,00;5,3442E+15;0.3356534400938246
1561,00;5,41514E+15;0.31819563819565166
1562,00;5,62716E+16;0.26602211644535134
1563,00;5,46479E+16;0.3059786411250768
1564,00;5,43033E+15;0.31445666366969927
1565,00;5,68522E+15;0.25173578044017086
1566,00;5,54023E+15;0.2874138808044435
1567,00;5,55485E+15;0.28381549177701426
1568,00;5,64564E+15;0.2614743010488674
1569,00;5,51175E+15;0.2944223532665181
1570,00;5,55485E+15;0.28381549177701426
1571,00;5,67391E+15;0.2545176755876264
1572,00;5,67138E+16;0.2551408225593037
1573,00;5,72665E+16;0.24154151341195018
1574,00;5,68895E+16;0.2508164703782735
1575,00;5,7074E+15;0.24627831136706668
1576,00;5,41344E+15;0.31861514620056486
1577,00;5,34235E+15;0.33610868895579005
1578,00;5,47439E+15;0.30361685731666244
1579,00;5,63381E+15;0.26438676600479993
1580,00;5,61372E+15;0.26933083979173034
1581,00;5,45671E+15;0.3079669276479158
1582,00;5,40486E+15;0.3207251264143086
1583,00;5,22979E+16;0.3638048980903652
1584,00;4,86914E+16;0.45255398782035094
1585,00;4,80967E+15;0.467188244564138
1586,00;5,33116E+15;0.3388607346136471
1587,00;5,10534E+16;0.39443107673403544
1588,00;5,10534E+16;0.39443107673403544
1589,00;5,41173E+15;0.31903547919716924
1590,00;5,14574E+15;0.3844879230222127
1591,00;5,33491E+15;0.3379394432739363
1592,00;5,06296E+14;0.40485945031346837
1593,00;4,15109E+15;0.6292476542188208
1594,00;5,12696E+15;0.3891094924773615
1595,00;5,20195E+15;0.3706577918049019
1596,00;5,10046E+15;0.3956318622512017
1597,00;5,15038E+15;0.3833479776007074
1598,00;5,15038E+15;0.3833479776007074
1599,00;5,00485E+15;0.4191573745568742
1600,00;4,95134E+15;0.43232538213916094
1601,00;5,234E+15;0.3627698391189903
1602,00;4,72722E+15;0.4874756391009558
1603,00;5,1029E+15;0.39503062624325314
1604,00;4,99662E+15;0.4211833542743948
1605,00;5,1364E+14;0.38678621677821057
1606,00;5,16866E+15;0.3788480375006241
1607,00;5,08814E+15;0.3986636756361769
1608,00;5,08565E+16;0.399275233306295
1609,00;5,00212E+15;0.4198305696327186
1610,00;5,39794E+16;0.3224282370977931
1611,00;5,28096E+15;0.35121355126043163
1612,00;5,34788E+15;0.3347458410235502
1613,00;5,34788E+15;0.3347458410235502
1614,00;5,01841E+15;0.4158228410931274
1615,00;5,42866E+15;0.3148688899496257
1616,00;5,19539E+15;0.372270925951638
1617,00;4,81987E+15;0.46467855710142536
1618,00;4,57111E+15;0.5258904665530222
1619,00;4,59333E+15;0.5204236913186067
1620,00;5,26289E+16;0.35566146515479835
1621,00;5,27097E+15;0.35367317863195946
1622,00;4,55751E+15;0.5292389307513035
1623,00;4,5756E+15;0.5247858684362288
1624,00;4,70437E+16;0.49310068110297955
1625,00;5,22768E+15;0.3643243133153382
1626,00;5,15038E+15;0.3833479776007074
1627,00;5,45182E+16;0.30916883855574984
1628,00;5,1664E+15;0.3794053761733671
1629,00;5,11019E+15;0.39323699955084024
1630,00;5,54464E+14;0.2863279889181245
1631,00;5,34604E+15;0.33519915881784246
1632,00;5,09309E+16;0.3974457848203027
1633,00;4,94258E+16;0.43448075428509314
1634,00;5,12459E+15;0.38969427877891893
1635,00;5,10777E+15;0.39383320428857194
1636,00;5,2361E+15;0.3622541832358561
1637,00;4,98272E+16;0.42460325539175303
1638,00;4,98831E+15;0.4232287216521299
1639,00;5,04228E+16;0.4099487207427387
1640,00;5,05268E+16;0.4073889385321253
1641,00;5,06805E+14;0.40360584402255273
1642,00;5,00212E+15;0.4198305696327186
1643,00;5,05268E+16;0.4073889385321253
1644,00;5,26289E+16;0.35566146515479835
1645,00;5,39096E+16;0.32414502753166685
1646,00;5,37327E+15;0.3284983197632947
1647,00;4,8266E+15;0.46302165531659434
1648,00;5,234E+15;0.3627698391189903
1649,00;5,36789E+16;0.32982178690133956
1650,00;5,31983E+15;0.3416486775305517
1651,00;4,99109E+15;0.422544755436834
1652,00;4,62351E+16;0.5129977592318548
1653,00;5,30062E+15;0.346377615112768
1654,00;5,2465E+15;0.35969440102524286
1655,00;5,34604E+15;0.33519915881784246
1656,00;4,96001E+15;0.4301915282108393
1657,00;5,47439E+15;0.30361685731666244
1658,00;5,36429E+15;0.33070867306963025
1659,00;4,53903E+15;0.5337867461477874
1660,00;4,73098E+16;0.4865523579249561
1661,00;5,46318E+15;0.30637482151633644
1662,00;5,48702E+16;0.3005078678124561
1663,00;5,47439E+15;0.30361685731666244
1664,00;5,78307E+16;0.2276556192775766
1665,00;5,62983E+15;0.2653664740297479
1666,00;5,70861E+16;0.24597916609795722
1667,00;5,70252E+16;0.24747909688423309
1668,00;5,74664E+15;0.23662109650710517
1669,00;5,65989E+15;0.25796768718751506
1670,00;5,57208E+16;0.2795758963852445
1671,00;5,56063E+15;0.2823929290556243
1672,00;5,62047E+16;0.26767007572615875
1673,00;5,64695E+15;0.26115313004945984
1674,00;5,43368E+16;0.313634588579796
1675,00;5,5087E+16;0.29517363439111577
1676,00;5,63645E+16;0.2637361132652397
1677,00;5,43368E+16;0.313634588579796
1678,00;5,66374E+16;0.25702123873379257
1679,00;5,58478E+15;0.2764504900247843
1680,00;5,58057E+15;0.2774872225014572
1681,00;5,58198E+15;0.2771410859725485
1682,00;5,59868E+16;0.27303058890742604
1683,00;5,56638E+16;0.28097977177635014
1684,00;5,54464E+14;0.2863279889181245
1685,00;5,4823E+14;0.301668445830764
1686,00;5,52084E+15;0.2921842253828075
1687,00;5,36789E+16;0.32982178690133956
1688,00;5,53283E+15;0.28923605091883275
1689,00;5,5358E+15;0.28850531769464394
1690,00;5,61777E+15;0.26833283365218763
1691,00;5,54903E+16;0.2852475859780007
1692,00;5,71587E+15;0.24419303375489776
1693,00;5,56923E+14;0.28027668147167206
1694,00;5,17092E+15;0.3782921483449213
1695,00;5,12696E+15;0.3891094924773615
1696,00;5,37148E+15;0.32893856556237755
1697,00;5,4083E+15;0.3198786331895169
1698,00;5,14109E+15;0.3856339807808191
1699,00;5,14574E+15;0.3844879230222127
1700,00;5,15038E+15;0.3833479776007074
1701,00;5,17542E+16;0.3771846885621879
1702,00;5,07312E+16;0.40235954743085267
1703,00;5,12696E+15;0.3891094924773615
1704,00;4,75315E+15;0.48109488885185214
1705,00;5,15268E+15;0.3827802767094932
1706,00;5,50102E+16;0.29706347216608986
1707,00;5,57634E+15;0.2785290081214521
1708,00;5,49638E+15;0.2982054477760908
1709,00;5,24856E+15;0.3591861029024799
1710,00;4,8266E+15;0.46302165531659434
1711,00;5,02644E+15;0.41384680920778805
1712,00;5,2361E+15;0.3622541832358561
1713,00;5,31028E+15;0.34400006824081986
1714,00;5,34788E+15;0.3347458410235502
1715,00;5,29672E+15;0.34733608873637056
1716,00;4,7005E+15;0.49405275064994203
1717,00;5,17317E+16;0.37773770118605343
1718,00;5,2465E+15;0.35969440102524286
1719,00;5,38039E+15;0.3267463488075919
1720,00;5,27498E+15;0.35268592856316805
1721,00;5,25268E+15;0.3581731187320426
1722,00;4,80624E+15;0.46803139855648557
1723,00;4,8028E+16;0.46887789178127726
1724,00;5,39968E+15;0.3220011854874172
1725,00;5,41173E+15;0.31903547919716924
1726,00;5,55049E+15;0.28488866186361606
1727,00;5,74664E+15;0.23662109650710517
1728,00;5,72187E+15;0.24271590790434794
1729,00;5,7853E+16;0.22710756959297762
1730,00;5,63777E+14;0.26341152814608226
1731,00;5,69144E+15;0.25020578636315927
1732,00;5,54464E+14;0.2863279889181245
1733,00;5,48073E+16;0.30205670980653765
1734,00;5,02377E+15;0.41450345875618144
1735,00;4,94843E+14;0.4330414272305847
1736,00;4,76403E+15;0.4784175353489243
1737,00;4,68878E+16;0.4969346719718567
1738,00;4,63194E+15;0.5109226044859589
1739,00;4,56207E+16;0.5281169373093055
1740,00;4,6107E+15;0.5161487636194383
1741,00;4,8028E+16;0.46887789178127726
1742,00;4,84649E+16;0.4581266491678082
1743,00;4,53903E+15;0.5337867461477874
1744,00;4,71205E+15;0.4912091708833759
1745,00;4,73843E+15;0.4847176749012819
1746,00;4,72722E+15;0.4874756391009558
1747,00;5,08565E+16;0.399275233306295
1748,00;5,01841E+15;0.4158228410931274
1749,00;5,06805E+14;0.40360584402255273
1750,00;5,29867E+16;0.3468563146631194
1751,00;5,56351E+15;0.28168518251528196
1752,00;5,5041E+16;0.29630553073393706
1753,00;5,59592E+15;0.2737102055686905
1754,00;5,54903E+16;0.2852475859780007
1755,00;5,36609E+16;0.33026476998195553
1756,00;5,1364E+14;0.38678621677821057
1757,00;5,51479E+15;0.2936737036048398
1758,00;5,14109E+15;0.3856339807808191
1759,00;5,44527E+16;0.3107819727024861
1760,00;5,5973E+15;0.2733701271200345
1761,00;5,43866E+15;0.3124073741468347
1762,00;5,68397E+16;0.2520430979048883
1763,00;5,60691E+16;0.27100460918990543
1764,00;5,34972E+15;0.3342934826327145
1765,00;5,08565E+16;0.399275233306295
1766,00;5,22557E+15;0.3648449938648861
1767,00;4,63613E+15;0.5098925337699467
1768,00;4,60206E+16;0.5182755399716443
1769,00;4,71587E+15;0.4902696561403693
1770,00;4,71587E+15;0.4902696561403693
1771,00;4,67292E+15;0.5008386939301368
1772,00;4,81648E+15;0.46551184961844083
1773,00;4,6107E+15;0.5161487636194383
1774,00;4,61499E+15;0.5150932589564573
1775,00;4,82995E+15;0.4621979962630641
1776,00;5,17092E+15;0.3782921483449213
1777,00;5,53431E+15;0.2888703720274307
1778,00;5,52386E+15;0.2914433606552923
1779,00;5,20195E+15;0.3706577918049019
1780,00;5,49015E+15;0.2997376354117709
1781,00;5,4696E+15;0.30479448707194157
1782,00;5,51782E+15;0.29292766703630113
1783,00;5,68147E+16;0.2526590616161706
1784,00;5,58898E+16;0.2754187619077856
1785,00;5,59037E+16;0.27507595628516124
1786,00;5,6777E+16;0.2535863483629558
1787,00;5,65603E+16;0.2589183452108478
1788,00;5,53283E+15;0.28923605091883275
1789,00;5,39968E+15;0.3220011854874172
1790,00;5,41344E+15;0.31861514620056486
1791,00;5,19977E+15;0.3711941515842023
1792,00;5,41854E+15;0.3173590842514722
1793,00;5,05009E+16;0.40802601578437503
1794,00;5,30256E+15;0.3458999852829734
1795,00;4,8755E+16;0.4509881254331549
1796,00;5,1317E+16;0.3879446979876551
1797,00;5,45019E+15;0.30957098215488554
1798,00;5,43534E+15;0.3132247336893228
1799,00;5,5563E+15;0.2834589624868591
1800,00;5,4253E+15;0.31569573531303596
1801,00;5,55485E+15;0.28381549177701426
1802,00;5,43033E+15;0.31445666366969927
1803,00;5,56063E+15;0.2823929290556243
1804,00;5,52235E+16;0.2918134720203073
1805,00;5,56923E+14;0.28027668147167206
1806,00;5,46639E+15;0.3055831937229341
1807,00;5,34788E+15;0.3347458410235502
1808,00;5,49015E+15;0.2997376354117709
1809,00;5,5563E+15;0.2834589624868591
1810,00;5,58758E+15;0.2757621182224099
1811,00;5,52536E+15;0.29107388906823706
1812,00;5,25473E+15;0.35766842130772225
1813,00;5,62181E+16;0.2673394658228264
1814,00;5,76505E+15;0.23209135325571428
1815,00;5,85577E+15;0.2097678556866972
1816,00;6,01122E+16;0.1715147673017945
1817,00;5,89683E+15;0.1996641768003078
1818,00;5,76732E+16;0.23153182607783496
1819,00;5,77636E+14;0.22930825065437765
1820,00;5,68397E+16;0.2520430979048883
1821,00;5,68397E+16;0.2520430979048883
1822,00;5,90462E+15;0.19774721991600464
1823,00;5,79855E+16;0.22384845801274666
1824,00;5,91138E+15;0.19608387097756863
1825,00;5,76959E+16;0.23097375980808732
1826,00;5,61507E+16;0.26899765303698175
1827,00;5,87001E+14;0.2062638549184843
1828,00;6,01975E+14;0.16941515061571233
1829,00;5,87303E+15;0.20552041326499093
1830,00;5,88699E+15;0.2020848058420157
1831,00;5,85884E+15;0.20901214743961694
1832,00;5,92663E+15;0.19232984675160236
1833,00;5,89878E+15;0.19918332336940192
1834,00;5,79195E+16;0.22547180196711925
1835,00;5,84441E+15;0.2125618727261106
1836,00;5,83606E+15;0.21461707375202166
1837,00;5,89683E+15;0.1996641768003078
1838,00;5,86292E+14;0.208008674892742
1839,00;5,87303E+15;0.20552041326499093
1840,00;5,59176E+15;0.27473369959091043
1841,00;5,63381E+15;0.26438676600479993
1842,00;5,62583E+16;0.2663506933892127
1843,00;5,54317E+15;0.28668934024660775
1844,00;5,5041E+16;0.29630553073393706
1845,00;5,54023E+15;0.2874138808044435
1846,00;5,64695E+15;0.26115313004945984
1847,00;5,56207E+16;0.28203876284387064
1848,00;5,58057E+15;0.2774872225014572
1849,00;5,56495E+15;0.2813321861346533
1850,00;5,53728E+15;0.2881408857906893
1851,00;5,69761E+16;0.24868666653635585
1852,00;5,56781E+14;0.28062793752424864
1853,00;5,58758E+15;0.2757621182224099
1854,00;5,55049E+15;0.28488866186361606
1855,00;5,66757E+15;0.25607896273352904
1856,00;5,56351E+15;0.28168518251528196
1857,00;5,47597E+15;0.30322575151697917
1858,00;5,46156E+16;0.3067717376190514
1859,00;5,57066E+15;0.27992600172132687
1860,00;5,42361E+16;0.3161103605834825
1861,00;5,35704E+15;0.3324935624390575
1862,00;5,55485E+15;0.28381549177701426
1863,00;5,56351E+15;0.28168518251528196
1864,00;5,52985E+16;0.2899692909514433
1865,00;5,4696E+15;0.30479448707194157
1866,00;5,37862E+15;0.32718299708997134
1867,00;5,3274E+15;0.3397860142399862
1868,00;5,07564E+15;0.40173911372992455
1869,00;5,4083E+15;0.3198786331895169
1870,00;5,17092E+15;0.3782921483449213
1871,00;5,47439E+15;0.30361685731666244
1872,00;5,64695E+15;0.26115313004945984
1873,00;5,8159E+15;0.21957886765713075
1874,00;5,78307E+16;0.2276556192775766
1875,00;5,73376E+15;0.23979193262068643
1876,00;5,61236E+15;0.2696645467445896
1877,00;5,54317E+15;0.28668934024660775
1878,00;5,73021E+15;0.24066493285362145
1879,00;5,75704E+15;0.23406131429649202
1880,00;5,68147E+16;0.2526590616161706
1881,00;5,67391E+15;0.2545176755876264
1882,00;5,71225E+15;0.2450842341838717
1883,00;5,56495E+15;0.2813321861346533
1884,00;5,55919E+16;0.2827476830953852
1885,00;5,62047E+16;0.26767007572615875
1886,00;5,52536E+15;0.29107388906823706
1887,00;5,39271E+15;0.32371453542261697
1888,00;5,35886E+16;0.33204594078877914
1889,00;5,6285E+16;0.2656940438408193
1890,00;5,68021E+15;0.2529677104205471
1891,00;5,65474E+15;0.2592361731651567
1892,00;5,65474E+15;0.2592361731651567
1893,00;5,57775E+16;0.2781811817470693
1894,00;5,50717E+15;0.29555026754564395
1895,00;5,48859E+15;0.30012240466039386
1896,00;5,44362E+15;0.31118716573357696
1897,00;5,55485E+15;0.28381549177701426
1898,00;5,49793E+16;0.297824110904396
1899,00;5,47914E+15;0.3024456803595448
1900,00;5,6285E+16;0.2656940438408193
1901,00;5,66502E+16;0.25670668494649973
1902,00;5,61372E+15;0.26933083979173034
1903,00;5,67138E+16;0.2551408225593037
1904,00;5,65603E+16;0.2589183452108478
1905,00;5,5563E+15;0.2834589624868591
1906,00;5,44527E+16;0.3107819727024861
1907,00;5,55919E+16;0.2827476830953852
1908,00;5,52536E+15;0.29107388906823706
1909,00;5,41514E+15;0.31819563819565166
1910,00;5,46156E+16;0.3067717376190514
1911,00;5,56495E+15;0.2813321861346533
1912,00;5,52235E+16;0.2918134720203073
1913,00;5,36067E+16;0.33159925460762596
1914,00;5,44032E+15;0.31199986351836007
1915,00;5,41173E+15;0.31903547919716924
1916,00;5,37148E+15;0.32893856556237755
1917,00;5,54757E+16;0.2856071138338213
1918,00;5,51782E+15;0.29292766703630113
1919,00;5,62315E+15;0.26700936651414275
1920,00;5,5563E+15;0.2834589624868591
1921,00;5,60828E+15;0.2706688050990117
1922,00;5,69391E+15;0.24959684219090117
1923,00;5,53134E+15;0.289602356509584
1924,00;5,66374E+16;0.25702123873379257
1925,00;5,66502E+16;0.25670668494649973
1926,00;5,6777E+16;0.2535863483629558
1927,00;5,58478E+15;0.2764504900247843
1928,00;5,59592E+15;0.2737102055686905
1929,00;5,49947E+15;0.29744345317263643
1930,00;5,64303E+16;0.26211809448707135
1931,00;5,55775E+15;0.2831030269176945
1932,00;5,63116E+16;0.265039405473365
1933,00;5,60691E+16;0.27100460918990543
1934,00;5,35339E+15;0.33339162787745236
1935,00;5,55919E+16;0.2827476830953852
1936,00;5,51479E+15;0.2936737036048398
1937,00;5,60418E+16;0.27167780426574994
1938,00;5,57208E+16;0.2795758963852445
1939,00;5,57634E+15;0.2785290081214521
1940,00;5,47279E+15;0.30400868008429904
1941,00;5,57208E+16;0.2795758963852445
1942,00;5,47439E+15;0.30361685731666244
1943,00;5,58618E+14;0.2761060270011737
1944,00;5,49327E+15;0.2989701686630024
1945,00;5,20195E+15;0.3706577918049019
1946,00;5,25678E+15;0.3571649128065857
1947,00;5,5417E+16;0.28705130351666763
1948,00;5,62315E+15;0.26700936651414275
1949,00;5,52835E+15;0.29033685640727114
1950,00;5,5534E+15;0.2841726167721922
1951,00;5,55049E+15;0.28488866186361606
1952,00;5,54757E+16;0.2856071138338213
1953,00;5,55775E+15;0.2831030269176945
1954,00;5,45019E+15;0.30957098215488554
1955,00;5,59037E+16;0.27507595628516124
1956,00;5,61642E+15;0.2686649848610495
1957,00;5,45182E+16;0.30916883855574984
1958,00;5,25062E+15;0.3586790107075938
1959,00;4,97144E+16;0.42737912895168617
1960,00;4,58007E+15;0.5236869495122161
1961,00;4,98831E+15;0.4232287216521299
1962,00;5,01301E+15;0.4171504184039505
1963,00;5,1664E+15;0.3794053761733671
1964,00;4,89741E+16;0.44559621853960507
1965,00;5,28096E+15;0.35121355126043163
1966,00;5,45833E+16;0.30756778792428885
1967,00;5,52386E+15;0.2914433606552923
1968,00;4,65676E+15;0.5048153530072363
1969,00;4,58893E+16;0.5215059177313932
1970,00;4,64029E+16;0.5088674034600479
1971,00;5,24235E+14;0.36071463809307935
1972,00;4,5756E+15;0.5247858684362288
1973,00;4,22789E+15;0.6103507616300327
1974,00;4,7495E+15;0.4819948449599083
1975,00;4,98272E+16;0.42460325539175303
1976,00;4,9771E+15;0.4259866858518039
1977,00;5,03439E+15;0.41188887863220836
1978,00;4,68485E+16;0.49790401268038886
1979,00;4,7924E+15;0.4714376739918906
1980,00;4,70822E+15;0.4921528336077885
1981,00;4,5666E+16;0.5270008028675928
1982,00;4,44543E+16;0.5568177629722026
1983,00;4,67292E+15;0.5008386939301368
1984,00;4,85627E+15;0.4557205532912576
1985,00;5,08565E+16;0.399275233306295
1986,00;5,34788E+15;0.3347458410235502
1987,00;5,18657E+16;0.3744408863144746
1988,00;4,97428E+15;0.42668177348842073
1989,00;5,25678E+15;0.3571649128065857
1990,00;4,59771E+16;0.5193469169511709
1991,00;5,03175E+16;0.4125395313717686
1992,00;4,88496E+15;0.44866063317942473
1993,00;4,93077E+16;0.4373888162858014
1994,00;5,44032E+15;0.31199986351836007
1995,00;5,49015E+15;0.2997376354117709
1996,00;5,35886E+16;0.33204594078877914
1997,00;5,47279E+15;0.30400868008429904
1998,00;5,43033E+15;0.31445666366969927
1999,00;5,27897E+15;0.3517032175911817
2000,00;5,40314E+15;0.3211496335248317
2001,00;5,5534E+15;0.2841726167721922
2002,00;5,46318E+15;0.30637482151633644
2003,00;4,5666E+16;0.5270008028675928
2004,00;5,31028E+15;0.34400006824081986
2005,00;5,35704E+15;0.3324935624390575
2006,00;5,39794E+16;0.3224282370977931
2007,00;5,31028E+15;0.34400006824081986
2008,00;5,21919E+14;0.3664146894869551
2009,00;5,12459E+15;0.38969427877891893
2010,00;5,19099E+15;0.37335315236442446
2011,00;5,37684E+15;0.32762053922820955
2012,00;5,31028E+15;0.34400006824081986
2013,00;533677183338,00;0.3374802824960902
2014,00;5,61236E+15;0.2696645467445896
2015,00;5,60555E+15;0.2713409416902868
2016,00;5,70007E+15;0.2480820289057336
2017,00;5,83291E+14;0.21539289768872083
2018,00;5,85474E+16;0.21002035336507396
2019,00;5,80292E+15;0.22277303808419568
2020,00;5,72307E+16;0.24242170378372085
2021,00;5,56495E+15;0.2813321861346533
2022,00;5,55919E+16;0.2827476830953852
2023,00;5,19977E+15;0.3711941515842023
2024,00;4,95424E+15;0.4316117278538276
2025,00;4,92779E+15;0.43812205631841195
2026,00;5,52835E+15;0.29033685640727114
2027,00;5,73611E+15;0.23921190713613527
2028,00;5,64695E+15;0.26115313004945984
2029,00;5,54023E+15;0.2874138808044435
2030,00;4,91576E+15;0.4410804324032698
2031,00;5,11019E+15;0.39323699955084024
2032,00;5,62047E+16;0.26767007572615875
2033,00;5,76277E+16;0.23265234901054743
2034,00;5,53283E+15;0.28923605091883275
2035,00;5,60006E+15;0.2726915892171887
2036,00;5,58338E+16;0.27679550908257267
2037,00;5,38569E+14;0.32544173075989746
2038,00;5,51022E+15;0.29479766374027927
2039,00;5,52985E+16;0.2899692909514433
2040,00;5,68522E+15;0.25173578044017086
2041,00;5,52536E+15;0.29107388906823706
2042,00;5,77523E+15;0.22958493581908512
2043,00;5,38569E+14;0.32544173075989746
2044,00;5,46479E+16;0.3059786411250768
2045,00;5,21276E+16;0.36799599825246965
2046,00;5,37506E+15;0.32805897888941116
2047,00;5,40658E+15;0.3203014607455871
2048,00;5,25268E+15;0.3581731187320426
2049,00;4,73098E+16;0.4865523579249561
2050,00;4,73471E+16;0.48563304786305894
2051,00;4,9248E+15;0.43885782041807353
2052,00;4,68485E+16;0.49790401268038886
2053,00;4,93077E+16;0.4373888162858014
2054,00;4,8595E+15;0.45492450298602016
2055,00;4,8595E+15;0.45492450298602016
2056,00;4,70822E+15;0.4921528336077885
2057,00;4,94843E+14;0.4330414272305847
2058,00;4,70822E+15;0.4921528336077885
2059,00;5,51327E+15;0.2940477006554494
2060,00;5,49327E+15;0.2989701686630024
2061,00;5,53875E+15;0.2877770741966579
2062,00;5,59592E+15;0.2737102055686905
2063,00;5,03703E+15;0.41124020056257204
2064,00;5,3962E+14;0.3228561436669184
2065,00;5,01841E+15;0.4158228410931274
2066,00;5,58618E+14;0.2761060270011737
2067,00;4,81648E+15;0.46551184961844083
2068,00;4,72722E+15;0.4874756391009558
2069,00;4,8028E+16;0.46887789178127726
2070,00;5,14574E+15;0.3844879230222127
2071,00;5,11742E+15;0.3914582991897584
2072,00;4,97992E+16;0.42529385133951714
2073,00;4,96575E+15;0.4287807028912174
2074,00;4,7495E+15;0.4819948449599083
2075,00;5,11742E+15;0.3914582991897584
2076,00;5,80618E+16;0.22197000923770693
2077,00;5,68397E+16;0.2520430979048883
2078,00;5,81911E+15;0.2187877282225199
2079,00;5,84129E+15;0.21333025914941595
2080,00;5,74081E+16;0.2380565569722547
2081,00;5,57634E+15;0.2785290081214521
2082,00;5,64303E+16;0.26211809448707135
2083,00;5,53283E+15;0.28923605091883275
2084,00;5,52536E+15;0.29107388906823706
2085,00;5,67644E+15;0.25389634009225936
2086,00;5,29867E+16;0.3468563146631194
2087,00;5,32173E+15;0.3411814877054431
2088,00;5,64695E+15;0.26115313004945984
2089,00;5,39446E+15;0.3232849086249219
2090,00;5,25268E+15;0.3581731187320426
2091,00;4,7889E+15;0.4722977928986355
2092,00;4,40824E+15;0.565970077478527
2093,00;4,48608E+15;0.5468164410031455
2094,00;5,0604E+16;0.4054890214899718
2095,00;5,02109E+16;0.4151621318811115
2096,00;5,33304E+15;0.33839959255798757
2097,00;5,48073E+16;0.30205670980653765
2098,00;5,35521E+16;0.3329421234848835
2099,00;5,41684E+15;0.31777695195033395
2100,00;5,69144E+15;0.25020578636315927
2101,00;5,68147E+16;0.2526590616161706
2102,00;5,21491E+16;0.3674675943742287
2103,00;5,5087E+16;0.29517363439111577
2104,00;5,84129E+15;0.21333025914941595
2105,00;5,7074E+15;0.24627831136706668
2106,00;5,21491E+16;0.3674675943742287
2107,00;5,40141E+16;0.32157498542618135
2108,00;5,46639E+15;0.3055831937229341
2109,00;5,51934E+15;0.2925556229738898
2110,00;5,13875E+15;0.3862093223392232
2111,00;5,07564E+15;0.40173911372992455
2112,00;5,56781E+14;0.28062793752424864
2113,00;5,18879E+15;0.37389632739598666
2114,00;4,87867E+15;0.45020947517350607
2115,00;5,25268E+15;0.3581731187320426
2116,00;5,30256E+15;0.3458999852829734
2117,00;5,42361E+16;0.3161103605834825
2118,00;5,41854E+15;0.3173590842514722
2119,00;5,53283E+15;0.28923605091883275
2120,00;4,91273E+16;0.44182646897180844
2121,00;4,84321E+15;0.4589347380694546
2122,00;4,70822E+15;0.4921528336077885
2123,00;4,77121E+16;0.47665108513026344
2124,00;4,82995E+15;0.4621979962630641
2125,00;4,86914E+16;0.45255398782035094
2126,00;4,83991E+16;0.4597458937294987
2127,00;5,52386E+15;0.2914433606552923
2128,00;5,64303E+16;0.26211809448707135
2129,00;5,75012E+13;0.2357644249799764
2130,00;5,85884E+15;0.20901214743961694
2131,00;5,80401E+15;0.22250502643793313
2132,00;5,93416E+15;0.1904772738547318
2133,00;5,65861E+14;0.2582841036181943
2134,00;5,74081E+16;0.2380565569722547
2135,00;5,33304E+15;0.33839959255798757
2136,00;5,1799E+16;0.3760829373603807
2137,00;5,02109E+16;0.4151621318811115
2138,00;4,85627E+15;0.4557205532912576
2139,00;4,87867E+15;0.45020947517350607
2140,00;4,74582E+15;0.48289860639051885
2141,00;4,89121E+16;0.44712293402997105
2142,00;5,00485E+15;0.4191573745568742
2143,00;4,9771E+15;0.4259866858518039
2144,00;4,89121E+16;0.44712293402997105
2145,00;5,11742E+15;0.3914582991897584
2146,00;5,70983E+16;0.2456804389216034
2147,00;5,39271E+15;0.32371453542261697
2148,00;5,53431E+15;0.2888703720274307
2149,00;4,96001E+15;0.4301915282108393
2150,00;5,33491E+15;0.3379394432739363
2151,00;4,48608E+15;0.5468164410031455
2152,00;4,7924E+15;0.4714376739918906
2153,00;4,66488E+15;0.5028177752909385
2154,00;4,5249E+15;0.5372622578443302
2155,00;4,62351E+16;0.5129977592318548
2156,00;4,7005E+15;0.49405275064994203
2157,00;4,58451E+15;0.5225936516814433
2158,00;5,16185E+15;0.38052443244632117
2159,00;5,42023E+16;0.316942031904736
2160,00;5,56638E+16;0.28097977177635014
2161,00;5,437E+15;0.3128156632106023
2162,00;5,09801E+16;0.39623479427270225
2163,00;5,12933E+16;0.38852630177478964
2164,00;5,33491E+15;0.3379394432739363
2165,00;4,76042E+15;0.4793062653607103
2166,00;4,97992E+16;0.42529385133951714
2167,00;4,57111E+15;0.5258904665530222
2168,00;4,59771E+16;0.5193469169511709
2169,00;4,48608E+15;0.5468164410031455
2170,00;4,53903E+15;0.5337867461477874
2171,00;5,14806E+15;0.38391719034694505
2172,00;5,45995E+15;0.30716939217075534
2173,00;5,04228E+16;0.4099487207427387
2174,00;5,50563E+15;0.2959275655428024
2175,00;5,6777E+16;0.2535863483629558
2176,00;5,53283E+15;0.28923605091883275
2177,00;5,8308E+14;0.21591168255479165
2178,00;5,56351E+15;0.28168518251528196
2179,00;5,59592E+15;0.2737102055686905
2180,00;5,19977E+15;0.3711941515842023
2181,00;4,9218E+15;0.43959612602226095
2182,00;4,73843E+15;0.4847176749012819
2183,00;4,71967E+15;0.48933425307241185
2184,00;4,67691E+16;0.49985598295815037
2185,00;4,72346E+15;0.48840292584774114
2186,00;4,68485E+16;0.49790401268038886
2187,00;4,70437E+16;0.49310068110297955
2188,00;4,66083E+15;0.503814230521767
2189,00;4,75315E+15;0.48109488885185214
2190,00;4,83991E+16;0.4597458937294987
2191,00;4,8366E+14;0.46056013951380337
2192,00;4,86594E+16;0.45334124196961934
2193,00;5,05009E+16;0.40802601578437503
2194,00;5,03966E+15;0.4105934852132411
2195,00;5,50256E+15;0.29668416548289056
2196,00;5,13875E+15;0.3862093223392232
2197,00;5,03175E+16;0.4125395313717686
2198,00;5,51479E+15;0.2936737036048398
2199,00;5,25678E+15;0.3571649128065857
2200,00;5,13875E+15;0.3862093223392232
2201,00;5,60143E+16;0.2723531263437876
2202,00;5,81375E+16;0.22010792550123492
2203,00;5,83711E+15;0.21435909030502387
2204,00;5,87904E+15;0.20404124293328818
2205,00;5,72307E+16;0.24242170378372085
2206,00;5,65474E+15;0.2592361731651567
2207,00;5,68147E+16;0.2526590616161706
2208,00;6,00347E+15;0.1734222200592127
2209,00;5,88302E+16;0.203060785893463
2210,00;5,92663E+15;0.19232984675160236
2211,00;5,65989E+15;0.25796768718751506
2212,00;5,43866E+15;0.3124073741468347
2213,00;5,71466E+15;0.24448968787592484
2214,00;5,71225E+15;0.2450842341838717
2215,00;5,58198E+15;0.2771410859725485
2216,00;5,60281E+16;0.2720151985897771
2217,00;5,25268E+15;0.3581731187320426
2218,00;5,6285E+16;0.2656940438408193
2219,00;5,58618E+14;0.2761060270011737
2220,00;5,45671E+15;0.3079669276479158
2221,00;5,64564E+15;0.2614743010488674
2222,00;5,40486E+15;0.3207251264143086
2223,00;5,43368E+16;0.313634588579796
2224,00;5,40314E+15;0.3211496335248317
2225,00;5,3962E+14;0.3228561436669184
2226,00;5,29084E+15;0.34878190660488806
2227,00;5,17542E+16;0.3771846885621879
2228,00;5,61642E+15;0.2686649848610495
2229,00;5,54903E+16;0.2852475859780007
2230,00;5,39271E+15;0.32371453542261697
2231,00;5,5417E+16;0.28705130351666763
2232,00;5,48545E+15;0.3008940273752888
2233,00;4,9218E+15;0.43959612602226095
2234,00;5,14342E+15;0.38506018376536855
2235,00;5,41344E+15;0.31861514620056486
2236,00;5,23819E+15;0.36173976840297795
2237,00;5,33863E+15;0.337022105986475
2238,00;5,03175E+16;0.4125395313717686
2239,00;5,37684E+15;0.32762053922820955
2240,00;5,36609E+16;0.33026476998195553
2241,00;5,39968E+15;0.3220011854874172
2242,00;5,43534E+15;0.3132247336893228
2243,00;5,32928E+16;0.3393228737339872
2244,00;5,58898E+16;0.2754187619077856
2245,00;5,61507E+16;0.26899765303698175
2246,00;5,76391E+16;0.23237166707935253
2247,00;5,4823E+14;0.301668445830764
2248,00;5,50102E+16;0.29706347216608986
2249,00;5,64303E+16;0.26211809448707135
2250,00;5,43368E+16;0.313634588579796
2251,00;5,37148E+15;0.32893856556237755
2252,00;5,80292E+15;0.22277303808419568
2253,00;5,74431E+15;0.23719412435673348
2254,00;5,72665E+16;0.24154151341195018
2255,00;5,55485E+15;0.28381549177701426
2256,00;5,81375E+16;0.22010792550123492
2257,00;5,38921E+15;0.32457638844475534
2258,00;5,05783E+16;0.4061204525544838
2259,00;5,00485E+15;0.4191573745568742
2260,00;5,1664E+15;0.3794053761733671
2261,00;4,99937E+15;0.42050589171075636
2262,00;5,49015E+15;0.2997376354117709
2263,00;5,39968E+15;0.3220011854874172
2264,00;5,08316E+16;0.3998885458071395
2265,00;5,36969E+15;0.32937972002216465
2266,00;5,27897E+15;0.3517032175911817
2267,00;5,10777E+15;0.39383320428857194
2268,00;5,0103E+15;0.41781731211155837
2269,00;5,03703E+15;0.41124020056257204
2270,00;4,99662E+15;0.4211833542743948
2271,00;5,26895E+15;0.3541685189692746
2272,00;5,38216E+15;0.32631059073639535
2273,00;5,54757E+16;0.2856071138338213
2274,00;5,13875E+15;0.3862093223392232
2275,00;4,99109E+15;0.422544755436834
2276,00;5,14342E+15;0.38506018376536855
2277,00;5,52835E+15;0.29033685640727114
2278,00;5,49793E+16;0.297824110904396
2279,00;5,22979E+16;0.3638048980903652
2280,00;5,20845E+14;0.369056741173441
2281,00;5,64303E+16;0.26211809448707135
2282,00;5,29084E+15;0.34878190660488806
2283,00;5,20412E+15;0.3701227746046757
2284,00;5,04228E+16;0.4099487207427387
2285,00;5,02377E+15;0.41450345875618144
2286,00;5,33863E+15;0.337022105986475
2287,00;5,0103E+15;0.41781731211155837
2288,00;5,19977E+15;0.3711941515842023
2289,00;5,16413E+15;0.3799641719423368
2290,00;5,25268E+15;0.3581731187320426
2291,00;5,17542E+16;0.3771846885621879
2292,00;5,15038E+15;0.3833479776007074
2293,00;4,9005E+15;0.4448369308498593
2294,00;4,9248E+15;0.43885782041807353
2295,00;4,95424E+15;0.4316117278538276
2296,00;5,07564E+15;0.40173911372992455
2297,00;5,14574E+15;0.3844879230222127
2298,00;4,87867E+15;0.45020947517350607
2299,00;4,77121E+16;0.47665108513026344
2300,00;4,65267E+15;0.5058211866746909
2301,00;5,05783E+16;0.4061204525544838
2302,00;5,22979E+16;0.3638048980903652
2303,00;5,29672E+15;0.34733608873637056
2304,00;5,41173E+15;0.31903547919716924
2305,00;5,51479E+15;0.2936737036048398
2306,00;5,5563E+15;0.2834589624868591
2307,00;5,54903E+16;0.2852475859780007
2308,00;5,5735E+15;0.2792263635847174
2309,00;5,70129E+16;0.2477803502954694
2310,00;5,37684E+15;0.32762053922820955
2311,00;5,84545E+14;0.21230635654518581
2312,00;5,62716E+16;0.26602211644535134
2313,00;5,87504E+16;0.20502621822427514
2314,00;5,74198E+15;0.23776869260565925
2315,00;5,72187E+15;0.24271590790434794
2316,00;5,73376E+15;0.23979193262068643
2317,00;5,58338E+16;0.27679550908257267
2318,00;5,78307E+16;0.2276556192775766
2319,00;5,47914E+15;0.3024456803595448
2320,00;5,41684E+15;0.31777695195033395
2321,00;5,30643E+15;0.344947915736011
2322,00;5,55485E+15;0.28381549177701426
2323,00;5,60143E+16;0.2723531263437876
2324,00;5,15038E+15;0.3833479776007074
2325,00;5,22557E+15;0.3648449938648861
2326,00;5,21705E+15;0.36694049358948855
2327,00;5,56351E+15;0.28168518251528196
2328,00;5,42361E+16;0.3161103605834825
2329,00;5,46479E+16;0.3059786411250768
2330,00;5,29672E+15;0.34733608873637056
2331,00;5,19319E+16;0.3728113542038738
2332,00;4,8755E+16;0.4509881254331549
2333,00;4,64029E+16;0.5088674034600479
2334,00;4,88809E+16;0.44789040077873965
2335,00;4,81987E+15;0.46467855710142536
2336,00;4,76042E+15;0.4793062653607103
2337,00;5,19319E+16;0.3728113542038738
2338,00;5,39968E+15;0.3220011854874172
2339,00;5,44032E+15;0.31199986351836007
2340,00;5,16413E+15;0.3799641719423368
2341,00;5,58338E+16;0.27679550908257267
2342,00;5,53134E+15;0.289602356509584
2343,00;5,60418E+16;0.27167780426574994
2344,00;5,611E+13;0.269998775522451
2345,00;5,37684E+15;0.32762053922820955
2346,00;5,52386E+15;0.2914433606552923
2347,00;5,56923E+14;0.28027668147167206
2348,00;5,6285E+16;0.2656940438408193
2349,00;5,46318E+15;0.30637482151633644
2350,00;5,42023E+16;0.316942031904736
2351,00;5,57208E+16;0.2795758963852445
2352,00;5,61912E+15;0.2680011978061535
2353,00;5,56495E+15;0.2813321861346533
2354,00;5,17317E+16;0.37773770118605343
2355,00;5,44691E+16;0.3103775463568693
2356,00;4,93374E+15;0.4366580830616127
2357,00;5,18657E+16;0.3744408863144746
2358,00;5,45345E+15;0.3087674501563057
2359,00;5,12933E+16;0.38852630177478964
2360,00;5,18657E+16;0.3744408863144746
2361,00;5,04228E+16;0.4099487207427387
2362,00;5,37684E+15;0.32762053922820955
2363,00;5,36429E+15;0.33070867306963025
2364,00;5,11019E+15;0.39323699955084024
2365,00;5,49793E+16;0.297824110904396
2366,00;5,38569E+14;0.32544173075989746
2367,00;5,65861E+14;0.2582841036181943
2368,00;5,74315E+15;0.23748121541385048
2369,00;5,77972E+15;0.22848033770229137
2370,00;5,4823E+14;0.301668445830764
2371,00;5,36609E+16;0.33026476998195553
2372,00;5,37327E+15;0.3284983197632947
2373,00;5,55919E+16;0.2827476830953852
2374,00;5,74664E+15;0.23662109650710517
2375,00;5,53134E+15;0.289602356509584
2376,00;5,73964E+15;0.2383448095579379
2377,00;5,77748E+15;0.22903192319521926
2378,00;5,73376E+15;0.23979193262068643
2379,00;5,83711E+15;0.21435909030502387
2380,00;5,80618E+16;0.22197000923770693
2381,00;5,44197E+15;0.31159312836253006
2382,00;5,63381E+15;0.26438676600479993
2383,00;5,48859E+15;0.30012240466039386
2384,00;5,611E+13;0.269998775522451
2385,00;5,33863E+15;0.337022105986475
2386,00;5,14342E+15;0.38506018376536855
2387,00;5,20845E+14;0.369056741173441
2388,00;5,41514E+15;0.31819563819565166
2389,00;5,5087E+16;0.29517363439111577
2390,00;5,56063E+15;0.2823929290556243
2391,00;5,40486E+15;0.3207251264143086
2392,00;5,26895E+15;0.3541685189692746
2393,00;5,43534E+15;0.3132247336893228
2394,00;5,32363E+15;0.3407153168338698
2395,00;5,36969E+15;0.32937972002216465
2396,00;5,01841E+15;0.4158228410931274
2397,00;5,2319E+16;0.3632867420550514
2398,00;5,40314E+15;0.3211496335248317
2399,00;5,12459E+15;0.38969427877891893
2400,00;5,25678E+15;0.3571649128065857
2401,00;5,29084E+15;0.34878190660488806
2402,00;5,1222E+15;0.39028066943447914
2403,00;4,32274E+16;0.5870105857850423
2404,00;4,4811E+13;0.548041311174108
2405,00;4,64856E+16;0.5068317760745624
2406,00;4,27976E+15;0.5975864166037758
2407,00;4,26708E+15;0.6007067531873196
2408,00;4,8595E+15;0.45492450298602016
2409,00;5,1799E+16;0.3760829373603807
2410,00;5,3442E+15;0.3356534400938246
2411,00;4,93964E+15;0.4352040688836363
2412,00;5,06805E+14;0.40360584402255273
2413,00;5,14574E+15;0.3844879230222127
2414,00;5,1317E+16;0.3879446979876551
2415,00;4,99109E+15;0.422544755436834
2416,00;5,24856E+15;0.3591861029024799
2417,00;5,25882E+16;0.3566625876402677
2418,00;5,27698E+15;0.3521940083002568
2419,00;5,17317E+16;0.37773770118605343
2420,00;5,36248E+16;0.33115349999374155
2421,00;4,99937E+15;0.42050589171075636
2422,00;4,47609E+15;0.5492732411544845
2423,00;4,59333E+15;0.5204236913186067
2424,00;5,51479E+15;0.2936737036048398
2425,00;5,14109E+15;0.3856339807808191
2426,00;5,35704E+15;0.3324935624390575
2427,00;5,34049E+16;0.3365649095343132
2428,00;5,00758E+15;0.41848629312681807
2429,00;5,58057E+15;0.2774872225014572
2430,00;5,11742E+15;0.3914582991897584
2431,00;5,46639E+15;0.3055831937229341
2432,00;5,23819E+15;0.36173976840297795
2433,00;5,28888E+16;0.3492660274458098
2434,00;5,37862E+15;0.32718299708997134
2435,00;4,82324E+14;0.4638485006800047
2436,00;5,44032E+15;0.31199986351836007
2437,00;5,37862E+15;0.32718299708997134
2438,00;5,09309E+16;0.3974457848203027
2439,00;4,85302E+15;0.45651957949240507
2440,00;4,7005E+15;0.49405275064994203
2441,00;5,23819E+15;0.36173976840297795
2442,00;5,4696E+15;0.30479448707194157
2443,00;5,36248E+16;0.33115349999374155
2444,00;5,41173E+15;0.31903547919716924
2445,00;5,22557E+15;0.3648449938648861
2446,00;5,08565E+16;0.399275233306295
2447,00;5,45508E+15;0.30836681412543676
2448,00;5,41854E+15;0.3173590842514722
2449,00;4,7924E+15;0.4714376739918906
2450,00;5,26289E+16;0.35566146515479835
2451,00;5,5417E+16;0.28705130351666763
2452,00;5,66629E+14;0.25639259339859044
2453,00;5,75128E+15;0.23547962912186604
2454,00;5,53134E+15;0.289602356509584
2455,00;5,56495E+15;0.2813321861346533
2456,00;5,56923E+14;0.28027668147167206
2457,00;5,59037E+16;0.27507595628516124
2458,00;5,84129E+15;0.21333025914941595
2459,00;5,76277E+16;0.23265234901054743
2460,00;5,70496E+15;0.24687786087628438
2461,00;5,08814E+15;0.3986636756361769
2462,00;5,15728E+15;0.38164937851625413
2463,00;5,05783E+16;0.4061204525544838
2464,00;4,83328E+15;0.46137749905629144
2465,00;4,64029E+16;0.5088674034600479
2466,00;4,80624E+15;0.46803139855648557
2467,00;5,08565E+16;0.399275233306295
2468,00;4,96575E+15;0.4287807028912174
2469,00;4,67292E+15;0.5008386939301368
2470,00;4,83328E+15;0.46137749905629144
2471,00;5,22345E+15;0.36536694591886965
2472,00;5,41002E+15;0.319456640436667
2473,00;5,28295E+15;0.3507250041679847
2474,00;5,1799E+16;0.3760829373603807
2475,00;5,27298E+15;0.35317898359124367
2476,00;4,77478E+16;0.4757733045951783
2477,00;4,73471E+16;0.48563304786305894
2478,00;5,26289E+16;0.35566146515479835
2479,00;5,47279E+15;0.30400868008429904
2480,00;5,12933E+16;0.38852630177478964
2481,00;5,04749E+15;0.4086649976052339
2482,00;5,19099E+15;0.37335315236442446
2483,00;4,73843E+15;0.4847176749012819
2484,00;4,99386E+16;0.42186297093565917
2485,00;4,8595E+15;0.45492450298602016
2486,00;5,27897E+15;0.3517032175911817
2487,00;5,34049E+16;0.3365649095343132
2488,00;5,52686E+16;0.2907050550511049
2489,00;5,46479E+16;0.3059786411250768
2490,00;5,78419E+15;0.22738141877827867
2491,00;5,79855E+16;0.22384845801274666
2492,00;5,89487E+15;0.20014611445632746
2493,00;5,40141E+16;0.32157498542618135
2494,00;5,52985E+16;0.2899692909514433
2495,00;5,03439E+15;0.41188887863220836
2496,00;4,84649E+16;0.4581266491678082
2497,00;4,82324E+14;0.4638485006800047
2498,00;4,66891E+15;0.5018259439989282
2499,00;5,30643E+15;0.344947915736011
2500,00;5,73964E+15;0.2383448095579379
2501,00;5,64172E+13;0.2624407198462724
2502,00;5,56923E+14;0.28027668147167206
2503,00;5,71346E+15;0.24478675430302088
2504,00;5,73021E+15;0.24066493285362145
2505,00;5,84337E+15;0.21281769473138268
2506,00;5,67011E+16;0.2554530786555841
2507,00;5,60691E+16;0.27100460918990543
2508,00;5,19977E+15;0.3711941515842023
2509,00;4,78187E+16;0.4740284846209205
2510,00;4,66083E+15;0.503814230521767
2511,00;5,18879E+15;0.37389632739598666
2512,00;5,68272E+16;0.2523508578715078
2513,00;5,35156E+15;0.33384207959293954
2514,00;5,5041E+16;0.29630553073393706
2515,00;5,5417E+16;0.28705130351666763
2516,00;5,63381E+15;0.26438676600479993
2517,00;5,39968E+15;0.3220011854874172
2518,00;5,29672E+15;0.34733608873637056
2519,00;5,26895E+15;0.3541685189692746
2520,00;5,1029E+15;0.39503062624325314
2521,00;4,97992E+16;0.42529385133951714
2522,00;5,47914E+15;0.3024456803595448
2523,00;5,17542E+16;0.3771846885621879
2524,00;5,51022E+15;0.29479766374027927
2525,00;5,27097E+15;0.35367317863195946
2526,00;4,96001E+15;0.4301915282108393
2527,00;5,21276E+16;0.36799599825246965
2528,00;5,4823E+14;0.301668445830764
2529,00;5,52386E+15;0.2914433606552923
2530,00;5,51479E+15;0.2936737036048398
2531,00;5,01301E+15;0.4171504184039505
2532,00;5,36609E+16;0.33026476998195553
2533,00;5,60691E+16;0.27100460918990543
2534,00;5,49171E+16;0.29935355757277216
2535,00;5,11501E+16;0.39204955616399406
2536,00;4,65267E+15;0.5058211866746909
2537,00;4,59771E+16;0.5193469169511709
2538,00;4,45577E+15;0.5542732179214525
2539,00;4,72722E+15;0.4874756391009558
2540,00;5,11501E+16;0.39204955616399406
2541,00;4,93374E+15;0.4366580830616127
2542,00;4,82324E+14;0.4638485006800047
2543,00;5,05009E+16;0.40802601578437503
2544,00;5,11261E+15;0.3926424532428936
2545,00;5,03175E+16;0.4125395313717686
2546,00;5,48702E+16;0.3005078678124561
2547,00;5,41854E+15;0.3173590842514722
2548,00;5,44691E+16;0.3103775463568693
2549,00;5,49171E+16;0.29935355757277216
2550,00;5,37148E+15;0.32893856556237755
2551,00;5,42193E+16;0.3165257917344566
2552,00;4,93964E+15;0.4352040688836363
2553,00;5,38921E+15;0.32457638844475534
2554,00;5,22132E+14;0.36589017570253424
2555,00;5,15728E+15;0.38164937851625413
2556,00;5,11261E+15;0.3926424532428936
2557,00;5,26694E+16;0.3546650099239699
2558,00;5,27698E+15;0.3521940083002568
2559,00;5,29477E+16;0.34781694216727654
2560,00;4,75315E+15;0.48109488885185214
2561,00;4,82995E+15;0.4621979962630641
2562,00;5,05526E+16;0.4067537545285871
2563,00;5,58758E+15;0.2757621182224099
2564,00;5,33863E+15;0.337022105986475
2565,00;5,52835E+15;0.29033685640727114
2566,00;5,30256E+15;0.3458999852829734
2567,00;5,33116E+15;0.3388607346136471
2568,00;5,04489E+14;0.4093058954164285
2569,00;5,31411E+16;0.34305640551640715
2570,00;5,44527E+16;0.3107819727024861
2571,00;4,68485E+16;0.49790401268038886
2572,00;4,5249E+15;0.5372622578443302
2573,00;4,74214E+15;0.48380620546079334
2574,00;5,1317E+16;0.3879446979876551
2575,00;5,04489E+14;0.4093058954164285
2576,00;4,64029E+16;0.5088674034600479
2577,00;5,16185E+15;0.38052443244632117
2578,00;4,66488E+15;0.5028177752909385
2579,00;5,30835E+15;0.34447346657363054
2580,00;5,35886E+16;0.33204594078877914
2581,00;4,90664E+15;0.4433263997580844
2582,00;5,28096E+15;0.35121355126043163
2583,00;5,05009E+16;0.40802601578437503
2584,00;5,47279E+15;0.30400868008429904
2585,00;5,63381E+15;0.26438676600479993
2586,00;5,47597E+15;0.30322575151697917
2587,00;5,00758E+15;0.41848629312681807
2588,00;5,03175E+16;0.4125395313717686
2589,00;5,29281E+16;0.3482988798232961
2590,00;5,4083E+15;0.3198786331895169
2591,00;5,62716E+16;0.26602211644535134
2592,00;5,3442E+15;0.3356534400938246
2593,00;5,51479E+15;0.2936737036048398
2594,00;5,47597E+15;0.30322575151697917
2595,00;5,60418E+16;0.27167780426574994
2596,00;5,60828E+15;0.2706688050990117
2597,00;5,73139E+15;0.240373536407821
2598,00;5,74896E+15;0.2360496008193309
2599,00;5,72783E+15;0.24124892026579392
2600,00;5,66629E+14;0.25639259339859044
2601,00;5,72307E+16;0.24242170378372085
2602,00;5,50256E+15;0.29668416548289056
2603,00;5,35886E+16;0.33204594078877914
2604,00;5,5563E+15;0.2834589624868591
2605,00;5,24856E+15;0.3591861029024799
2606,00;5,23819E+15;0.36173976840297795
2607,00;5,28295E+15;0.3507250041679847
2608,00;5,48545E+15;0.3008940273752888
2609,00;5,34235E+15;0.33610868895579005
2610,00;5,30643E+15;0.344947915736011
2611,00;5,45345E+15;0.3087674501563057
2612,00;5,36969E+15;0.32937972002216465
2613,00;5,47279E+15;0.30400868008429904
2614,00;5,44362E+15;0.31118716573357696
2615,00;5,41344E+15;0.31861514620056486
2616,00;5,64434E+15;0.26179595537576994
2617,00;5,73493E+15;0.2395017231261508
2618,00;5,62449E+15;0.26667977622541217
2619,00;5,48073E+16;0.30205670980653765
2620,00;5,50717E+15;0.29555026754564395
2621,00;5,67391E+15;0.2545176755876264
2622,00;5,68522E+15;0.25173578044017086
2623,00;5,69638E+15;0.24898962797600788
2624,00;5,55049E+15;0.28488866186361606
2625,00;5,4253E+15;0.31569573531303596
2626,00;5,28493E+15;0.35023757120898447
2627,00;5,46479E+16;0.3059786411250768
2628,00;5,30062E+15;0.346377615112768
2629,00;5,5973E+15;0.2733701271200345
2630,00;5,70374E+16;0.24717826747512306
2631,00;5,61236E+15;0.2696645467445896
2632,00;5,33116E+15;0.3388607346136471
2633,00;5,58057E+15;0.2774872225014572
2634,00;5,46479E+16;0.3059786411250768
2635,00;5,57634E+15;0.2785290081214521
2636,00;5,59868E+16;0.27303058890742604
2637,00;5,26491E+15;0.35516265685399173
2638,00;5,01301E+15;0.4171504184039505
2639,00;5,46156E+16;0.3067717376190514
2640,00;5,4823E+14;0.301668445830764
2641,00;5,45345E+15;0.3087674501563057
2642,00;5,45019E+15;0.30957098215488554
2643,00;4,93964E+15;0.4352040688836363
2644,00;5,42698E+15;0.3152819128025691
2645,00;5,30256E+15;0.3458999852829734
2646,00;5,43201E+15;0.3140452308960955
2647,00;5,16866E+15;0.3788480375006241
2648,00;5,45508E+15;0.30836681412543676
2649,00;5,34049E+16;0.3365649095343132
2650,00;5,50256E+15;0.29668416548289056
2651,00;5,52386E+15;0.2914433606552923
2652,00;5,5417E+16;0.28705130351666763
2653,00;5,28888E+16;0.3492660274458098
2654,00;5,36789E+16;0.32982178690133956
2655,00;5,56063E+15;0.2823929290556243
2656,00;5,39271E+15;0.32371453542261697
2657,00;5,39096E+16;0.32414502753166685
2658,00;5,19977E+15;0.3711941515842023
2659,00;5,47279E+15;0.30400868008429904
2660,00;5,42698E+15;0.3152819128025691
2661,00;5,26895E+15;0.3541685189692746
2662,00;5,24856E+15;0.3591861029024799
2663,00;5,64825E+15;0.2608324409272016
2664,00;5,52386E+15;0.2914433606552923
2665,00;5,51631E+15;0.2933003598245204
2666,00;5,1364E+14;0.38678621677821057
2667,00;5,26694E+16;0.3546650099239699
2668,00;5,34972E+15;0.3342934826327145
2669,00;5,38216E+15;0.32631059073639535
2670,00;5,39096E+16;0.32414502753166685
2671,00;5,04228E+16;0.4099487207427387
2672,00;4,90357E+16;0.44408033090977106
2673,00;4,9686E+15;0.4280787670882955
2674,00;5,2361E+15;0.3622541832358561
2675,00;4,91273E+16;0.44182646897180844
2676,00;4,96575E+15;0.4287807028912174
2677,00;5,33491E+15;0.3379394432739363
2678,00;5,35886E+16;0.33204594078877914
2679,00;5,33116E+15;0.3388607346136471
2680,00;5,04489E+14;0.4093058954164285
2681,00;5,0291E+15;0.41319217084033366
2682,00;4,7889E+15;0.4722977928986355
2683,00;4,66891E+15;0.5018259439989282
2684,00;4,64856E+16;0.5068317760745624
2685,00;4,68878E+16;0.4969346719718567
2686,00;4,98831E+15;0.4232287216521299
2687,00;5,01301E+15;0.4171504184039505
2688,00;5,06805E+14;0.40360584402255273
2689,00;5,15498E+15;0.38221407966346055
2690,00;5,28295E+15;0.3507250041679847
2691,00;5,32928E+16;0.3393228737339872
2692,00;5,09801E+16;0.39623479427270225
2693,00;5,30835E+15;0.34447346657363054
2694,00;5,26694E+16;0.3546650099239699
2695,00;5,22979E+16;0.3638048980903652
2696,00;5,25473E+15;0.35766842130772225
2697,00;5,06296E+14;0.40485945031346837
2698,00;4,83328E+15;0.46137749905629144
2699,00;4,87867E+15;0.45020947517350607
2700,00;4,85627E+15;0.4557205532912576
2701,00;5,31793E+14;0.3421168907734008
2702,00;5,34235E+15;0.33610868895579005
2703,00;5,28691E+15;0.3497512473134201
2704,00;5,51327E+15;0.2940477006554494
2705,00;5,44032E+15;0.31199986351836007
2706,00;5,0604E+16;0.4054890214899718
2707,00;4,90969E+16;0.44257511863348675
2708,00;4,81987E+15;0.46467855710142536
2709,00;5,1364E+14;0.38678621677821057
2710,00;4,72722E+15;0.4874756391009558
2711,00;4,93077E+16;0.4373888162858014
2712,00;4,83328E+15;0.46137749905629144
2713,00;4,90357E+16;0.44408033090977106
2714,00;4,87867E+15;0.45020947517350607
2715,00;5,62181E+16;0.2673394658228264
2716,00;5,5087E+16;0.29517363439111577
2717,00;5,47914E+15;0.3024456803595448
2718,00;5,26491E+15;0.35516265685399173
2719,00;5,14109E+15;0.3856339807808191
2720,00;4,96289E+15;0.4294849515016219
2721,00;5,0291E+15;0.41319217084033366
2722,00;5,53728E+15;0.2881408857906893
2723,00;5,21491E+16;0.3674675943742287
2724,00;5,51631E+15;0.2933003598245204
2725,00;5,24443E+14;0.36020391082524916
2726,00;5,54464E+14;0.2863279889181245
2727,00;5,57492E+14;0.2788774014502412
2728,00;5,6404E+14;0.26276383292351146
2729,00;5,26895E+15;0.3541685189692746
2730,00;5,33491E+15;0.3379394432739363
2731,00;5,67644E+15;0.25389634009225936
2732,00;5,56781E+14;0.28062793752424864
2733,00;5,79635E+15;0.2243882039053523
2734,00;5,5358E+15;0.28850531769464394
2735,00;5,62716E+16;0.26602211644535134
2736,00;5,75474E+15;0.23462751134252469
2737,00;5,71707E+15;0.2438967907970253
2738,00;5,73964E+15;0.2383448095579379
2739,00;5,53134E+15;0.289602356509584
2740,00;5,30062E+15;0.346377615112768
2741,00;5,45345E+15;0.3087674501563057
2742,00;4,90357E+16;0.44408033090977106
2743,00;4,80967E+15;0.467188244564138
2744,00;5,27698E+15;0.3521940083002568
2745,00;4,83328E+15;0.46137749905629144
2746,00;5,27698E+15;0.3521940083002568
2747,00;5,60555E+15;0.2713409416902868
2748,00;5,90462E+15;0.19774721991600464
2749,00;5,80401E+15;0.22250502643793313
2750,00;5,45995E+15;0.30716939217075534
2751,00;5,38039E+15;0.3267463488075919
2752,00;5,50717E+15;0.29555026754564395
2753,00;5,21061E+15;0.3685257116831726
2754,00;5,31028E+15;0.34400006824081986
2755,00;5,03703E+15;0.41124020056257204
2756,00;5,07059E+15;0.4029817873459758
2757,00;5,37506E+15;0.32805897888941116
2758,00;5,47439E+15;0.30361685731666244
2759,00;5,36429E+15;0.33070867306963025
2760,00;5,34235E+15;0.33610868895579005
2761,00;5,0604E+16;0.4054890214899718
2762,00;5,20412E+15;0.3701227746046757
2763,00;5,28888E+16;0.3492660274458098
2764,00;5,47597E+15;0.30322575151697917
2765,00;5,12696E+15;0.3891094924773615
2766,00;5,32173E+15;0.3411814877054431
2767,00;5,39794E+16;0.3224282370977931
2768,00;5,49482E+15;0.2985874662153898
2769,00;5,52686E+16;0.2907050550511049
2770,00;5,52084E+15;0.2921842253828075
2771,00;5,62983E+15;0.2653664740297479
2772,00;5,61507E+16;0.26899765303698175
2773,00;5,65603E+16;0.2589183452108478
2774,00;5,42361E+16;0.3161103605834825
2775,00;5,36789E+16;0.32982178690133956
2776,00;5,44855E+15;0.30997388380083957
2777,00;5,67644E+15;0.25389634009225936
2778,00;5,56495E+15;0.2813321861346533
2779,00;5,46639E+15;0.3055831937229341
2780,00;5,34972E+15;0.3342934826327145
2781,00;5,56351E+15;0.28168518251528196
2782,00;5,49327E+15;0.2989701686630024
2783,00;5,43534E+15;0.3132247336893228
2784,00;5,45508E+15;0.30836681412543676
2785,00;5,43534E+15;0.3132247336893228
2786,00;5,31411E+16;0.34305640551640715
2787,00;4,88809E+16;0.44789040077873965
2788,00;5,30835E+15;0.34447346657363054
2789,00;5,37148E+15;0.32893856556237755
2790,00;5,27298E+15;0.35317898359124367
2791,00;4,99937E+15;0.42050589171075636
2792,00;5,15957E+14;0.3810861653843348
2793,00;5,38745E+15;0.3250086216757545
2794,00;5,45671E+15;0.3079669276479158
2795,00;5,18435E+16;0.3749868361895652
2796,00;5,35521E+16;0.3329421234848835
2797,00;5,46639E+15;0.3055831937229341
2798,00;5,38216E+15;0.32631059073639535
2799,00;533677183338,00;0.3374802824960902
2800,00;5,38039E+15;0.3267463488075919
2801,00;5,34972E+15;0.3342934826327145
2802,00;4,8028E+16;0.46887789178127726
2803,00;5,29867E+16;0.3468563146631194
2804,00;5,34604E+15;0.33519915881784246
2805,00;5,41514E+15;0.31819563819565166
2806,00;4,97992E+16;0.42529385133951714
2807,00;5,22132E+14;0.36589017570253424
2808,00;4,9771E+15;0.4259866858518039
2809,00;5,19099E+15;0.37335315236442446
2810,00;4,86594E+16;0.45334124196961934
2811,00;4,75315E+15;0.48109488885185214
2812,00;4,73471E+16;0.48563304786305894
2813,00;4,90357E+16;0.44408033090977106
2814,00;4,83991E+16;0.4597458937294987
2815,00;4,7005E+15;0.49405275064994203
2816,00;4,81308E+14;0.4663484035626203
2817,00;5,58057E+15;0.2774872225014572
2818,00;5,5358E+15;0.28850531769464394
2819,00;5,28096E+15;0.35121355126043163
2820,00;5,47914E+15;0.3024456803595448
2821,00;5,03439E+15;0.41188887863220836
2822,00;5,234E+15;0.3627698391189903
2823,00;5,44527E+16;0.3107819727024861
2824,00;5,30643E+15;0.344947915736011
2825,00;5,27897E+15;0.3517032175911817
2826,00;4,9248E+15;0.43885782041807353
2827,00;5,34604E+15;0.33519915881784246
2828,00;5,51934E+15;0.2925556229738898
2829,00;4,91576E+15;0.4410804324032698
2830,00;4,81308E+14;0.4663484035626203
2831,00;4,8755E+16;0.4509881254331549
2832,00;4,9248E+15;0.43885782041807353
2833,00;4,91576E+15;0.4410804324032698
2834,00;4,91576E+15;0.4410804324032698
2835,00;4,68089E+16;0.49887776953495333
2836,00;5,36609E+16;0.33026476998195553
2837,00;5,67011E+16;0.2554530786555841
2838,00;5,69267E+16;0.24990109741649658
2839,00;5,56923E+14;0.28027668147167206
2840,00;5,40141E+16;0.32157498542618135
2841,00;5,52536E+15;0.29107388906823706
2842,00;5,54464E+14;0.2863279889181245
2843,00;5,69761E+16;0.24868666653635585
2844,00;5,73493E+15;0.2395017231261508
2845,00;5,60691E+16;0.27100460918990543
2846,00;5,17092E+15;0.3782921483449213
2847,00;5,41344E+15;0.31861514620056486
2848,00;5,44362E+15;0.31118716573357696
2849,00;5,38745E+15;0.3250086216757545
2850,00;5,17766E+15;0.37663310306926
2851,00;5,07312E+16;0.40235954743085267
2852,00;5,35339E+15;0.33339162787745236
2853,00;5,46318E+15;0.30637482151633644
2854,00;5,234E+15;0.3627698391189903
2855,00;5,2361E+15;0.3622541832358561
2856,00;4,89432E+15;0.44635821314305935
2857,00;4,69271E+15;0.4959697075342451
2858,00;4,77478E+16;0.4757733045951783
2859,00;4,7568E+15;0.4801987061557479
2860,00;4,65676E+15;0.5048153530072363
2861,00;4,7568E+15;0.4801987061557479
2862,00;4,80624E+15;0.46803139855648557
2863,00;4,88182E+16;0.449433651236807
2864,00;4,86273E+15;0.45413140649204553
2865,00;5,08066E+15;0.40050362323847644
2866,00;5,2361E+15;0.3622541832358561
2867,00;5,18435E+16;0.3749868361895652
2868,00;4,85302E+15;0.45651957949240507
2869,00;4,90357E+16;0.44408033090977106
2870,00;4,89432E+15;0.44635821314305935
2871,00;5,02644E+15;0.41384680920778805
2872,00;4,77121E+16;0.47665108513026344
2873,00;5,06805E+14;0.40360584402255273
2874,00;5,41514E+15;0.31819563819565166
2875,00;5,44855E+15;0.30997388380083957
2876,00;5,54464E+14;0.2863279889181245
2877,00;5,58618E+14;0.2761060270011737
2878,00;5,50717E+15;0.29555026754564395
2879,00;5,14342E+15;0.38506018376536855
2880,00;5,44527E+16;0.3107819727024861
2881,00;5,72426E+16;0.2421279040675105
2882,00;5,78196E+15;0.22793017199341203
2883,00;5,73257E+14;0.2400825366897753
2884,00;5,84337E+15;0.21281769473138268
2885,00;5,82125E+16;0.21826192411998646
2886,00;5,60828E+15;0.2706688050990117
2887,00;5,63909E+15;0.2630874351956034
2888,00;5,62047E+16;0.26767007572615875
2889,00;5,55049E+15;0.28488866186361606
2890,00;5,55919E+16;0.2827476830953852
2891,00;5,49638E+15;0.2982054477760908
2892,00;5,60964E+16;0.2703335277598493
2893,00;5,53728E+15;0.2881408857906893
2894,00;5,66757E+15;0.25607896273352904
2895,00;5,45345E+15;0.3087674501563057
2896,00;5,65861E+14;0.2582841036181943
2897,00;5,68771E+15;0.25112246793932635
2898,00;5,53875E+15;0.2877770741966579
2899,00;5,30449E+16;0.3454234204035155
2900,00;5,63513E+15;0.2640611920501681
2901,00;5,8308E+14;0.21591168255479165
2902,00;5,81697E+13;0.21931482900726007
2903,00;5,83185E+15;0.21565213272339656
2904,00;5,73139E+15;0.240373536407821
2905,00;5,49793E+16;0.297824110904396
2906,00;5,25268E+15;0.3581731187320426
2907,00;5,17766E+15;0.37663310306926
2908,00;5,15728E+15;0.38164937851625413
2909,00;4,26708E+15;0.6007067531873196
2910,00;5,69884E+15;0.2483841339170021
2911,00;5,94441E+16;0.1879559235888213
2912,00;5,2465E+15;0.35969440102524286
2913,00;5,44527E+16;0.3107819727024861
2914,00;6,09844E+15;0.15005268240912206
2915,00;5,78752E+15;0.22656092157150598
2916,00;5,2465E+15;0.35969440102524286
2917,00;5,81375E+16;0.22010792550123492
2918,00;5,72902E+15;0.24095672711039284
2919,00;5,68647E+15;0.25142890420670994
2920,00;5,63116E+16;0.265039405473365
2921,00;5,41002E+15;0.319456640436667
2922,00;5,53283E+15;0.28923605091883275
2923,00;5,5563E+15;0.2834589624868591
2924,00;5,44362E+15;0.31118716573357696
2925,00;5,40141E+16;0.32157498542618135
2926,00;5,4696E+15;0.30479448707194157
2927,00;5,26694E+16;0.3546650099239699
2928,00;5,44691E+16;0.3103775463568693
2929,00;5,53728E+15;0.2881408857906893
2930,00;5,39794E+16;0.3224282370977931
2931,00;5,45182E+16;0.30916883855574984
2932,00;5,71707E+15;0.2438967907970253
2933,00;5,77972E+15;0.22848033770229137
2934,00;5,79635E+15;0.2243882039053523
2935,00;5,62716E+16;0.26602211644535134
2936,00;5,49171E+16;0.29935355757277216
2937,00;5,33304E+15;0.33839959255798757
2938,00;5,47914E+15;0.3024456803595448
2939,00;4,4811E+13;0.548041311174108
2940,00;5,5041E+16;0.29630553073393706
2941,00;5,36248E+16;0.33115349999374155
2942,00;5,46156E+16;0.3067717376190514
2943,00;6,08672E+15;0.15293460373103696
2944,00;5,9304E+15;0.19140155317565277
2945,00;5,96001E+15;0.18411686906848568
2946,00;5,98863E+16;0.17707230114742323
2947,00;6,0883E+15;0.15254809501831867
2948,00;6,01805E+15;0.1698334271873383
2949,00;6,11152E+16;0.14683280103146867
2950,00;5,89192E+15;0.2008710645912951
2951,00;6,08041E+15;0.1544876660401171
2952,00;6,01805E+15;0.1698334271873383
2953,00;6,03072E+15;0.16671612458265705
2954,00;5,29672E+15;0.34733608873637056
2955,00;5,11019E+15;0.39323699955084024
2956,00;5,66246E+15;0.25733625612300304
2957,00;6,0349E+15;0.16568704575369098
2958,00;5,96454E+15;0.1830007346267728
2959,00;5,98422E+15;0.1781578253694267
2960,00;6,36825E+16;0.08365864120839983
2961,00;6,13191E+14;0.14181652558447455
2962,00;5,87504E+16;0.20502621822427514
2963,00;5,64955E+16;0.26051223223826525
2964,00;60.0;0.17427547173082447
2965,00;5,68021E+15;0.2529677104205471
2966,00;4,89121E+16;0.44712293402997105
2967,00;5,79745E+15;0.22411816058466938
2968,00;5,73611E+15;0.23921190713613527
2969,00;5,72426E+16;0.2421279040675105
2970,00;5,72187E+15;0.24271590790434794
2971,00;5,84856E+15;0.211541635658274
2972,00;5,34604E+15;0.33519915881784246
2973,00;5,76048E+16;0.23321482107170033
2974,00;5,98334E+15;0.1783755933555483
2975,00;5,40314E+15;0.3211496335248317
2976,00;5,76163E+15;0.23293340001736618
2977,00;6,22789E+15;0.11819792802224416
2978,00;5,40314E+15;0.3211496335248317
2979,00;5,89094E+14;0.20111326207884106
2980,00;5,64695E+15;0.26115313004945984
2981,00;5,22132E+14;0.36589017570253424
2982,00;5,69144E+15;0.25020578636315927
2983,00;5,60828E+15;0.2706688050990117
2984,00;5,82125E+16;0.21826192411998646
2985,00;5,40141E+16;0.32157498542618135
2986,00;5,76163E+15;0.23293340001736618
2987,00;5,71466E+15;0.24448968787592484
2988,00;5,48073E+16;0.30205670980653765
2989,00;5,85782E+15;0.2092637534249855
2990,00;5,58478E+15;0.2764504900247843
2991,00;6,0465E+15;0.16283170783374268
2992,00;6,06604E+16;0.15802387416030694
2993,00;5,89976E+14;0.19894330171600472
2994,00;6,09844E+15;0.15005268240912206
2995,00;5,06805E+14;0.40360584402255273
2996,00;4,8366E+14;0.46056013951380337
2997,00;5,28096E+15;0.35121355126043163
2998,00;5,77523E+15;0.22958493581908512
2999,00;5,77636E+14;0.22930825065437765
3000,00;5,61777E+15;0.26833283365218763
3001,00;5,70861E+16;0.24597916609795722
3002,00;6,04238E+16;0.16384709815139153
3003,00;5,75819E+15;0.23377877722972118
3004,00;4,8755E+16;0.4509881254331549
3005,00;5,94441E+16;0.1879559235888213
3006,00;6,23388E+15;0.1167232933197766
3007,00;5,60964E+16;0.2703335277598493
3008,00;5,21276E+16;0.36799599825246965
3009,00;5,77185E+15;0.2304171468375622
3010,00;5,38745E+15;0.3250086216757545
3011,00;5,59037E+16;0.27507595628516124
3012,00;5,5735E+15;0.2792263635847174
3013,00;5,87001E+14;0.2062638549184843
3014,00;5,34604E+15;0.33519915881784246
3015,00;5,42193E+16;0.3165257917344566
3016,00;5,26694E+16;0.3546650099239699
3017,00;5,26086E+15;0.35616144025971064
3018,00;5,43368E+16;0.313634588579796
3019,00;5,78974E+15;0.22601566806180762
3020,00;5,16185E+15;0.38052443244632117
3021,00;5,99739E+16;0.17491765326515274
3022,00;5,80943E+16;0.22116998612069472
3023,00;5,84649E+15;0.2120511454582804
3024,00;6,00087E+15;0.17406183926937224
3025,00;5,86799E+15;0.20676092318876338
3026,00;5,36609E+16;0.33026476998195553
3027,00;5,37148E+15;0.32893856556237755
3028,00;6,08672E+15;0.15293460373103696
3029,00;5,89487E+15;0.20014611445632746
3030,00;5,69267E+16;0.24990109741649658
3031,00;5,90462E+15;0.19774721991600464
3032,00;5,85782E+15;0.2092637534249855
3033,00;5,96545E+15;0.1827782054448931
3034,00;5,8929E+16;0.20062914123791942
3035,00;5,71828E+15;0.24360095786413882
3036,00;5,90268E+16;0.19822484974579935
3037,00;5,96815E+15;0.182112004614987
3038,00;5,64434E+15;0.26179595537576994
3039,00;5,58338E+16;0.27679550908257267
3040,00;5,7074E+15;0.24627831136706668
3041,00;5,98951E+16;0.17685585630878586
3042,00;5,80292E+15;0.22277303808419568
3043,00;5,83606E+15;0.21461707375202166
3044,00;6,06201E+15;0.1590166268037866
3045,00;5,36789E+16;0.32982178690133956
3046,00;5,7853E+16;0.22710756959297762
3047,00;5,46156E+16;0.3067717376190514
3048,00;5,64955E+16;0.26051223223826525
3049,00;5,46156E+16;0.3067717376190514
3050,00;5,66118E+15;0.2576517384826985
3051,00;5,36429E+15;0.33070867306963025
3052,00;5,52536E+15;0.29107388906823706
3053,00;5,30643E+15;0.344947915736011
3054,00;5,29281E+16;0.3482988798232961
3055,00;5,56638E+16;0.28097977177635014
3056,00;5,54611E+15;0.2859672474655911
3057,00;5,70496E+15;0.24687786087628438
3058,00;5,87403E+15;0.20527317291366454
3059,00;5,85268E+16;0.21052624534062525
3060,00;5,97265E+16;0.18100626360834227
3061,00;5,97712E+15;0.17990621352244263
3062,00;5,84129E+15;0.21333025914941595
3063,00;6,03156E+15;0.16650991206315102
3064,00;6,0812E+16;0.15429291499257602
3065,00;6,09065E+15;0.15196963929342533
3066,00;6,12592E+15;0.14329059528832355
3067,00;6,3591E+16;0.08590854892952349
3068,00;6,22789E+15;0.11819792802224416
3069,00;5,8929E+16;0.20062914123791942
3070,00;5,80618E+16;0.22197000923770693
3071,00;5,8978E+16;0.1994236148617019
3072,00;6,18052E+16;0.12985471522475545
3073,00;5,83291E+14;0.21539289768872083
3074,00;5,71466E+15;0.24448968787592484
3075,00;6,13489E+15;0.1410832855518641
3076,00;5,96815E+15;0.182112004614987
3077,00;6,11228E+15;0.14664489837331107
3078,00;5,98687E+15;0.17750584949057313
3079,00;5,96182E+15;0.1836697156420325
3080,00;5,99913E+15;0.17448931793164302
3081,00;5,66502E+16;0.25670668494649973
3082,00;5,4823E+14;0.301668445830764
3083,00;5,60143E+16;0.2723531263437876
3084,00;5,30835E+15;0.34447346657363054
3085,00;4,66488E+15;0.5028177752909385
3086,00;3,82763E+16;0.708845062105706
3087,00;5,38039E+15;0.3267463488075919
3088,00;5,88798E+15;0.20184150557682767
3089,00;5,75012E+13;0.2357644249799764
3090,00;5,66246E+15;0.25733625612300304
3091,00;5,73611E+15;0.23921190713613527
3092,00;5,88501E+15;0.20257223880101605
3093,00;5,81159E+16;0.22063829614530495
3094,00;5,78419E+15;0.22738141877827867
3095,00;5,7853E+16;0.22710756959297762
3096,00;5,74431E+15;0.23719412435673348
3097,00;5,85577E+15;0.2097678556866972
3098,00;5,84129E+15;0.21333025914941595
3099,00;5,83396E+15;0.21513397668808265
3100,00;5,87403E+15;0.20527317291366454
3101,00;5,76959E+16;0.23097375980808732
3102,00;5,77636E+14;0.22930825065437765
3103,00;5,74896E+15;0.2360496008193309
3104,00;5,77298E+15;0.23013938297795267
3105,00;5,63513E+15;0.2640611920501681
3106,00;5,62315E+15;0.26700936651414275
3107,00;5,83606E+15;0.21461707375202166
3108,00;5,81051E+16;0.22090397580647225
3109,00;5,87001E+14;0.2062638549184843
3110,00;5,7478E+15;0.23633515765524404
3111,00;5,5735E+15;0.2792263635847174
3112,00;5,85884E+15;0.20901214743961694
3113,00;5,9133E+15;0.19561099631590717
3114,00;5,81159E+16;0.22063829614530495
3115,00;5,60281E+16;0.2720151985897771
3116,00;5,77072E+16;0.23069527213365548
3117,00;4,87233E+15;0.4517696226836312
3118,00;5,66246E+15;0.25733625612300304
3119,00;6,18964E+13;0.12760935285544117
3120,00;6,26067E+16;0.11013133825122545
3121,00;6,17129E+15;0.1321239161047032
3122,00;5,98511E+15;0.17794027903014897
3123,00;5,59176E+15;0.27473369959091043
3124,00;4,66891E+15;0.5018259439989282
3125,00;5,56781E+14;0.28062793752424864
3126,00;5,87101E+16;0.20601575360230584
3127,00;5,91617E+14;0.1949036401494384
3128,00;5,63777E+14;0.26341152814608226
3129,00;5,15498E+15;0.38221407966346055
3130,00;5,67644E+15;0.25389634009225936
3131,00;5,49793E+16;0.297824110904396
3132,00;5,61507E+16;0.26899765303698175
3133,00;5,52235E+16;0.2918134720203073
3134,00;5,16185E+15;0.38052443244632117
3135,00;4,80624E+15;0.46803139855648557
3136,00;5,14109E+15;0.3856339807808191
3137,00;5,886E+16;0.20232838337252368
3138,00;5,66118E+15;0.2576517384826985
3139,00;5,52386E+15;0.2914433606552923
3140,00;5,66118E+15;0.2576517384826985
3141,00;5,52536E+15;0.29107388906823706
3142,00;5,6285E+16;0.2656940438408193
3143,00;5,7786E+16;0.22875595251790182
3144,00;5,58198E+15;0.2771410859725485
3145,00;5,76732E+16;0.23153182607783496
3146,00;5,47597E+15;0.30322575151697917
3147,00;5,59592E+15;0.2737102055686905
3148,00;5,42193E+16;0.3165257917344566
3149,00;5,54464E+14;0.2863279889181245
3150,00;5,4696E+15;0.30479448707194157
3151,00;5,52235E+16;0.2918134720203073
3152,00;5,58338E+16;0.27679550908257267
3153,00;5,72902E+15;0.24095672711039284
3154,00;5,75589E+16;0.23434422533698784
3155,00;5,57066E+15;0.27992600172132687
3156,00;5,52985E+16;0.2899692909514433
3157,00;5,43534E+15;0.3132247336893228
3158,00;5,47597E+15;0.30322575151697917
3159,00;5,60964E+16;0.2703335277598493
3160,00;5,37506E+15;0.32805897888941116
3161,00;5,468E+15;0.3051884766026507
3162,00;5,43201E+15;0.3140452308960955
3163,00;5,48859E+15;0.30012240466039386
3164,00;5,5735E+15;0.2792263635847174
3165,00;5,61236E+15;0.2696645467445896
3166,00;5,64172E+13;0.2624407198462724
3167,00;5,43368E+16;0.313634588579796
3168,00;5,65603E+16;0.2589183452108478
3169,00;5,56351E+15;0.28168518251528196
3170,00;5,60281E+16;0.2720151985897771
3171,00;5,65603E+16;0.2589183452108478
3172,00;5,611E+13;0.269998775522451
3173,00;5,71104E+13;0.24538212867096243
3174,00;5,62315E+15;0.26700936651414275
3175,00;5,58057E+15;0.2774872225014572
3176,00;5,54023E+15;0.2874138808044435
3177,00;5,63248E+15;0.2647128366399518
3178,00;5,62983E+15;0.2653664740297479
3179,00;5,65861E+14;0.2582841036181943
3180,00;5,59176E+15;0.27473369959091043
3181,00;5,51022E+15;0.29479766374027927
3182,00;5,51782E+15;0.29292766703630113
3183,00;5,67011E+16;0.2554530786555841
3184,00;5,59176E+15;0.27473369959091043
3185,00;5,52686E+16;0.2907050550511049
3186,00;5,42023E+16;0.316942031904736
3187,00;5,25062E+15;0.3586790107075938
3188,00;5,39968E+15;0.3220011854874172
3189,00;5,58338E+16;0.27679550908257267
3190,00;5,10046E+15;0.3956318622512017
3191,00;5,66246E+15;0.25733625612300304
3192,00;5,49793E+16;0.297824110904396
3193,00;5,59868E+16;0.27303058890742604
3194,00;5,58898E+16;0.2754187619077856
3195,00;5,53431E+15;0.2888703720274307
3196,00;5,28096E+15;0.35121355126043163
3197,00;5,56495E+15;0.2813321861346533
3198,00;5,52835E+15;0.29033685640727114
3199,00;5,38745E+15;0.3250086216757545
3200,00;5,42866E+15;0.3148688899496257
3201,00;5,47439E+15;0.30361685731666244
3202,00;5,39794E+16;0.3224282370977931
3203,00;5,52084E+15;0.2921842253828075
3204,00;5,58198E+15;0.2771410859725485
3205,00;5,37327E+15;0.3284983197632947
3206,00;5,51175E+15;0.2944223532665181
3207,00;5,57634E+15;0.2785290081214521
3208,00;5,45182E+16;0.30916883855574984
3209,00;4,99937E+15;0.42050589171075636
3210,00;5,55775E+15;0.2831030269176945
3211,00;5,48545E+15;0.3008940273752888
3212,00;5,40658E+15;0.3203014607455871
3213,00;5,48545E+15;0.3008940273752888
3214,00;5,25473E+15;0.35766842130772225
3215,00;5,66246E+15;0.25733625612300304
3216,00;5,73611E+15;0.23921190713613527
3217,00;5,61507E+16;0.26899765303698175
3218,00;5,59592E+15;0.2737102055686905
3219,00;5,36789E+16;0.32982178690133956
3220,00;5,84233E+16;0.2130738232939542
3221,00;5,5973E+15;0.2733701271200345
3222,00;5,61372E+15;0.26933083979173034
3223,00;5,56207E+16;0.28203876284387064
3224,00;5,65085E+15;0.2601925025453027
3225,00;5,62449E+15;0.26667977622541217
3226,00;5,15268E+15;0.3827802767094932
3227,00;5,6777E+16;0.2535863483629558
3228,00;5,76391E+16;0.23237166707935253
3229,00;5,71466E+15;0.24448968787592484
3230,00;5,28295E+15;0.3507250041679847
3231,00;5,27698E+15;0.3521940083002568
3232,00;5,28691E+15;0.3497512473134201
3233,00;5,31602E+15;0.34258613192759646
3234,00;5,59037E+16;0.27507595628516124
3235,00;5,3442E+15;0.3356534400938246
3236,00;5,38569E+14;0.32544173075989746
3237,00;5,42193E+16;0.3165257917344566
3238,00;5,49638E+15;0.2982054477760908
3239,00;5,47756E+15;0.30283536006618617
3240,00;5,62449E+15;0.26667977622541217
3241,00;5,5417E+16;0.28705130351666763
3242,00;5,65732E+14;0.25860098916161833
3243,00;5,72426E+16;0.2421279040675105
3244,00;5,76277E+16;0.23265234901054743
3245,00;5,55485E+15;0.28381549177701426
3246,00;5,72783E+15;0.24124892026579392
3247,00;5,75012E+13;0.2357644249799764
3248,00;5,73964E+15;0.2383448095579379
3249,00;5,73493E+15;0.2395017231261508
3250,00;5,73611E+15;0.23921190713613527
3251,00;5,61912E+15;0.2680011978061535
3252,00;5,25678E+15;0.3571649128065857
3253,00;5,52536E+15;0.29107388906823706
3254,00;5,57916E+16;0.27783392048483524
3255,00;5,65989E+15;0.25796768718751506
3256,00;5,8159E+15;0.21957886765713075
3257,00;5,63116E+16;0.265039405473365
3258,00;5,8619E+15;0.20825910170509132
3259,00;5,69761E+16;0.24868666653635585
3260,00;5,48859E+15;0.30012240466039386
3261,00;5,71346E+15;0.24478675430302088
3262,00;5,66884E+15;0.25576579160074175
3263,00;5,59592E+15;0.2737102055686905
3264,00;4,85627E+15;0.4557205532912576
3265,00;5,82125E+16;0.21826192411998646
3266,00;5,60964E+16;0.2703335277598493
3267,00;5,83501E+15;0.21487536896156934
3268,00;5,80835E+15;0.22143632791202972
3269,00;5,70374E+16;0.24717826747512306
3270,00;5,69884E+15;0.2483841339170021
3271,00;5,46156E+16;0.3067717376190514
3272,00;5,64955E+16;0.26051223223826525
3273,00;5,52835E+15;0.29033685640727114
3274,00;5,43033E+15;0.31445666366969927
3275,00;5,49482E+15;0.2985874662153898
3276,00;5,8392E+16;0.2138440556946395
3277,00;5,43033E+15;0.31445666366969927
3278,00;5,76959E+16;0.23097375980808732
3279,00;5,74548E+15;0.23690741839840024
3280,00;5,63513E+15;0.2640611920501681
3281,00;5,53134E+15;0.289602356509584
3282,00;5,61372E+15;0.26933083979173034
3283,00;5,67138E+16;0.2551408225593037
3284,00;5,66374E+16;0.25702123873379257
3285,00;5,75474E+15;0.23462751134252469
3286,00;5,69144E+15;0.25020578636315927
3287,00;5,43534E+15;0.3132247336893228
3288,00;5,50256E+15;0.29668416548289056
3289,00;5,62047E+16;0.26767007572615875
3290,00;5,54023E+15;0.2874138808044435
3291,00;5,72783E+15;0.24124892026579392
3292,00;5,47597E+15;0.30322575151697917
3293,00;5,68771E+15;0.25112246793932635
3294,00;5,6285E+16;0.2656940438408193
3295,00;5,23819E+15;0.36173976840297795
3296,00;5,5973E+15;0.2733701271200345
3297,00;5,76959E+16;0.23097375980808732
3298,00;5,57775E+16;0.2781811817470693
3299,00;5,62047E+16;0.26767007572615875
3300,00;5,73493E+15;0.2395017231261508
3301,00;5,59176E+15;0.27473369959091043
3302,00;5,65085E+15;0.2601925025453027
3303,00;5,41002E+15;0.319456640436667
3304,00;5,67896E+15;0.2532768055718678
3305,00;5,73021E+15;0.24066493285362145
3306,00;5,37506E+15;0.32805897888941116
3307,00;5,27897E+15;0.3517032175911817
3308,00;5,54464E+14;0.2863279889181245
3309,00;5,72187E+15;0.24271590790434794
3310,00;5,58338E+16;0.27679550908257267
3311,00;5,66757E+15;0.25607896273352904
3312,00;5,69638E+15;0.24898962797600788
3313,00;5,73611E+15;0.23921190713613527
3314,00;5,59176E+15;0.27473369959091043
3315,00;5,70618E+16;0.2465778759008811
3316,00;5,52985E+16;0.2899692909514433
3317,00;5,68647E+15;0.25142890420670994
3318,00;5,48545E+15;0.3008940273752888
3319,00;5,24856E+15;0.3591861029024799
3320,00;4,99937E+15;0.42050589171075636
3321,00;5,58478E+15;0.2764504900247843
3322,00;5,49793E+16;0.297824110904396
3323,00;5,42698E+15;0.3152819128025691
3324,00;5,54023E+15;0.2874138808044435
3325,00;5,50102E+16;0.29706347216608986
3326,00;5,50717E+15;0.29555026754564395
3327,00;5,37684E+15;0.32762053922820955
3328,00;5,70374E+16;0.24717826747512306
3329,00;5,57492E+14;0.2788774014502412
3330,00;5,52985E+16;0.2899692909514433
3331,00;5,56781E+14;0.28062793752424864
3332,00;5,5534E+15;0.2841726167721922
3333,00;5,57208E+16;0.2795758963852445
3334,00;5,61777E+15;0.26833283365218763
3335,00;5,53283E+15;0.28923605091883275
3336,00;5,60418E+16;0.27167780426574994
3337,00;5,67896E+15;0.2532768055718678
3338,00;5,41173E+15;0.31903547919716924
3339,00;5,49947E+15;0.29744345317263643
3340,00;5,35521E+16;0.3329421234848835
3341,00;5,44032E+15;0.31199986351836007
3342,00;5,15728E+15;0.38164937851625413
3343,00;5,41854E+15;0.3173590842514722
3344,00;5,00212E+15;0.4198305696327186
3345,00;5,36609E+16;0.33026476998195553
3346,00;5,73021E+15;0.24066493285362145
3347,00;5,58057E+15;0.2774872225014572
3348,00;5,41684E+15;0.31777695195033395
3349,00;5,20412E+15;0.3701227746046757
3350,00;4,8595E+15;0.45492450298602016
3351,00;5,28691E+15;0.3497512473134201
3352,00;5,16413E+15;0.3799641719423368
3353,00;4,79935E+15;0.46972775079315
3354,00;5,51782E+15;0.29292766703630113
3355,00;5,6404E+14;0.26276383292351146
3356,00;5,62983E+15;0.2653664740297479
3357,00;5,52686E+16;0.2907050550511049
3358,00;5,00758E+15;0.41848629312681807
3359,00;5,79415E+14;0.22492931624471368
3360,00;5,68895E+16;0.2508164703782735
3361,00;5,68147E+16;0.2526590616161706
3362,00;5,58198E+15;0.2771410859725485
3363,00;5,54317E+15;0.28668934024660775
3364,00;5,51327E+15;0.2940477006554494
3365,00;5,14342E+15;0.38506018376536855
3366,00;5,66629E+14;0.25639259339859044
3367,00;5,68895E+16;0.2508164703782735
3368,00;5,63909E+15;0.2630874351956034
3369,00;5,67011E+16;0.2554530786555841
3370,00;5,62047E+16;0.26767007572615875
3371,00;5,42866E+15;0.3148688899496257
3372,00;5,71587E+15;0.24419303375489776
3373,00;5,44362E+15;0.31118716573357696
3374,00;5,39271E+15;0.32371453542261697
3375,00;5,51631E+15;0.2933003598245204
3376,00;5,36609E+16;0.33026476998195553
3377,00;5,35521E+16;0.3329421234848835
3378,00;5,24235E+14;0.36071463809307935
3379,00;5,11261E+15;0.3926424532428936
3380,00;5,1364E+14;0.38678621677821057
3381,00;5,18213E+16;0.3755341841452474
3382,00;5,43368E+16;0.313634588579796
3383,00;5,56063E+15;0.2823929290556243
3384,00;5,91234E+15;0.19584730287385121
3385,00;5,57492E+14;0.2788774014502412
3386,00;5,61777E+15;0.26833283365218763
3387,00;5,46156E+16;0.3067717376190514
3388,00;5,12696E+15;0.3891094924773615
3389,00;5,62449E+15;0.26667977622541217
3390,00;5,64695E+15;0.26115313004945984
3391,00;5,36969E+15;0.32937972002216465
3392,00;5,51934E+15;0.2925556229738898
3393,00;5,70374E+16;0.24717826747512306
3394,00;5,62983E+15;0.2653664740297479
3395,00;5,21919E+14;0.3664146894869551
3396,00;5,77185E+15;0.2304171468375622
3397,00;5,56781E+14;0.28062793752424864
3398,00;5,59037E+16;0.27507595628516124
3399,00;5,62047E+16;0.26767007572615875
3400,00;5,53875E+15;0.2877770741966579
3401,00;5,71346E+15;0.24478675430302088
3402,00;5,5358E+15;0.28850531769464394
3403,00;4,53903E+15;0.5337867461477874
3404,00;3,83816E+15;0.7062542514766759
3405,00;5,3122E+16;0.3435277160930226
3406,00;5,40658E+15;0.3203014607455871
3407,00;5,45345E+15;0.3087674501563057
3408,00;5,51022E+15;0.29479766374027927
3409,00;5,83185E+15;0.21565213272339656
3410,00;5,62983E+15;0.2653664740297479
3411,00;5,77972E+15;0.22848033770229137
3412,00;5,59176E+15;0.27473369959091043
3413,00;5,60555E+15;0.2713409416902868
3414,00;5,78196E+15;0.22793017199341203
3415,00;5,66246E+15;0.25733625612300304
3416,00;5,78752E+15;0.22656092157150598
3417,00;5,51479E+15;0.2936737036048398
3418,00;5,41514E+15;0.31819563819565166
3419,00;5,80292E+15;0.22277303808419568
3420,00;5,82444E+15;0.21747563533666037
3421,00;5,75819E+15;0.23377877722972118
3422,00;5,72426E+16;0.2421279040675105
3423,00;5,60281E+16;0.2720151985897771
3424,00;5,5087E+16;0.29517363439111577
3425,00;5,14574E+15;0.3844879230222127
3426,00;5,39794E+16;0.3224282370977931
3427,00;5,28691E+15;0.3497512473134201
3428,00;4,05877E+16;0.6519669958887357
3429,00;5,66246E+15;0.25733625612300304
3430,00;6,07724E+15;0.15526844959288655
3431,00;6,21578E+15;0.12117807442476158
3432,00;6,02483E+15;0.16816520986119032
3433,00;6,13934E+15;0.13998812042372055
3434,00;5,81159E+16;0.22063829614530495
3435,00;5,86596E+16;0.20725915012738727
3436,00;5,9527E+15;0.18591489657924698
3437,00;5,89683E+15;0.1996641768003078
3438,00;5,82125E+16;0.21826192411998646
3439,00;5,74198E+15;0.23776869260565925
3440,00;5,57208E+16;0.2795758963852445
3441,00;5,82763E+16;0.21669222849791736
3442,00;5,64303E+16;0.26211809448707135
3443,00;5,89878E+15;0.19918332336940192
3444,00;5,76619E+15;0.23181140657536847
3445,00;5,51175E+15;0.2944223532665181
3446,00;5,66374E+16;0.25702123873379257
3447,00;5,65215E+15;0.2598732504174063
3448,00;5,95636E+16;0.18501399214793346
3449,00;5,98863E+16;0.17707230114742323
3450,00;5,9481E+15;0.18704639345087393
3451,00;5,86088E+13;0.20850982227329895
3452,00;5,85679E+15;0.2095156559407535
3453,00;5,99039E+15;0.17663963043309838
3454,00;6,01464E+16;0.17067244400518644
3455,00;5,85371E+16;0.2102731496806325
3456,00;5,82338E+15;0.21773741033556548
3457,00;5,72187E+15;0.24271590790434794
3458,00;5,62716E+16;0.26602211644535134
3459,00;5,65474E+15;0.2592361731651567
3460,00;5,88798E+15;0.20184150557682767
3461,00;5,94069E+15;0.18886934061950644
3462,00;5,73846E+16;0.23863345141124193
3463,00;5,87904E+15;0.20404124293328818
3464,00;5,75359E+15;0.23491117330836464
3465,00;5,92946E+16;0.1916332488730177
3466,00;5,66884E+15;0.25576579160074175
3467,00;5,91138E+15;0.19608387097756863
3468,00;6,10076E+15;0.14948093193027823
3469,00;5,78641E+15;0.22683407082259643
3470,00;5,95545E+15;0.18523886251048371
3471,00;5,45019E+15;0.30957098215488554
3472,00;5,34972E+15;0.3342934826327145
3473,00;5,68272E+16;0.2523508578715078
3474,00;5,74431E+15;0.23719412435673348
3475,00;4,70822E+15;0.4921528336077885
3476,00;4,97992E+16;0.42529385133951714
3477,00;6,02904E+15;0.1671291474356006
3478,00;5,06296E+14;0.40485945031346837
3479,00;4,8595E+15;0.45492450298602016
3480,00;5,87704E+15;0.20453316319619952
3481,00;5,51175E+15;0.2944223532665181
3482,00;5,30062E+15;0.346377615112768
3483,00;6,00174E+16;0.17384842012044877
3484,00;6,10385E+15;0.14872096931672008
3485,00;6,04979E+14;0.16202285441853925
3486,00;6,07485E+16;0.1558559147173303
3487,00;6,42863E+15;0.06880027983187731
3488,00;6,16269E+15;0.13424016368865566
3489,00;6,16557E+15;0.1335324171483132
3490,00;6,22118E+15;0.11984843243918486
3491,00;6,07086E+15;0.15683862568931695
3492,00;6,02988E+15;0.16692253624513897
3493,00;6,12516E+16;0.14347557086013585
3494,00;6,17343E+15;0.13159811200216964
3495,00;6,02652E+15;0.16775018204168457
3496,00;5,97085E+15;0.1814478738065317
3497,00;6,03072E+15;0.16671612458265705
3498,00;6,05877E+16;0.15981416228094703
3499,00;6,02736E+15;0.16754296994606743
3500,00;4,93669E+15;0.4359298395636265
3501,00;4,13637E+16;0.6328704402682506
3502,00;5,65215E+15;0.2598732504174063
3503,00;5,92189E+15;0.19349591216358342
3504,00;5,73611E+15;0.23921190713613527
3505,00;5,1317E+16;0.3879446979876551
3506,00;4,4609E+15;0.5530122156804369
3507,00;3,06296E+16;0.8970122839212569
3508,00;5,31602E+15;0.34258613192759646
3509,00;6,05551E+15;0.16061468478933694
3510,00;5,92474E+15;0.19279550981136728
3511,00;5,90558E+16;0.19750880465437537
3512,00;5,54757E+16;0.2856071138338213
3513,00;5,40486E+15;0.3207251264143086
3514,00;5,97712E+15;0.17990621352244263
3515,00;5,90849E+14;0.19679515036904227
3516,00;5,77072E+16;0.23069527213365548
3517,00;5,86697E+15;0.2070098914870233
3518,00;5,89585E+15;0.19990500979467662
3519,00;5,83396E+15;0.21513397668808265
3520,00;5,66118E+15;0.2576517384826985
3521,00;5,87403E+15;0.20527317291366454
3522,00;5,76505E+15;0.23209135325571428
3523,00;6,00174E+16;0.17384842012044877
3524,00;5,62449E+15;0.26667977622541217
3525,00;5,52985E+16;0.2899692909514433
3526,00;5,33116E+15;0.3388607346136471
3527,00;5,29281E+16;0.3482988798232961
3528,00;5,09061E+15;0.39805386278346533
3529,00;5,11742E+15;0.3914582991897584
3530,00;4,9686E+15;0.4280787670882955
3531,00;5,96725E+15;0.18233384091916516
3532,00;6,07645E+15;0.15546409194969368
3533,00;5,91426E+15;0.19537495072605382
3534,00;6,1386E+15;0.14017025870477984
3535,00;6,01805E+15;0.1698334271873383
3536,00;5,81911E+15;0.2187877282225199
3537,00;5,96905E+16;0.18189039831220233
3538,00;5,87403E+15;0.20527317291366454
3539,00;5,65345E+15;0.2595544744300714
3540,00;5,81051E+16;0.22090397580647225
3541,00;5,64825E+15;0.2608324409272016
3542,00;5,88402E+15;0.20281637276232567
3543,00;5,84337E+15;0.21281769473138268
3544,00;4,86594E+16;0.45334124196961934
3545,00;4,98272E+16;0.42460325539175303
3546,00;5,54903E+16;0.2852475859780007
3547,00;5,53431E+15;0.2888703720274307
3548,00;5,72187E+15;0.24271590790434794
3549,00;5,67896E+15;0.2532768055718678
3550,00;5,78641E+15;0.22683407082259643
3551,00;5,73139E+15;0.240373536407821
3552,00;5,68895E+16;0.2508164703782735
3553,00;5,73021E+15;0.24066493285362145
3554,00;6,23983E+15;0.11525876277911373
3555,00;5,869E+15;0.20651224455700123
3556,00;5,88699E+15;0.2020848058420157
3557,00;5,82657E+16;0.21695304519884573
3558,00;5,80943E+16;0.22116998612069472
3559,00;6,0349E+15;0.16568704575369098
3560,00;5,70252E+16;0.24747909688423309
3561,00;5,72187E+15;0.24271590790434794
3562,00;5,88699E+15;0.2020848058420157
3563,00;5,86596E+16;0.20725915012738727
3564,00;5,4696E+15;0.30479448707194157
3565,00;5,70861E+16;0.24597916609795722
3566,00;5,87904E+15;0.20404124293328818
3567,00;5,49015E+15;0.2997376354117709
3568,00;5,71104E+13;0.24538212867096243
3569,00;5,84441E+15;0.2125618727261106
3570,00;5,5534E+15;0.2841726167721922
3571,00;5,74315E+15;0.23748121541385048
3572,00;5,48545E+15;0.3008940273752888
3573,00;5,5563E+15;0.2834589624868591
3574,00;5,99652E+15;0.17513214325795312
3575,00;5,82551E+15;0.217214180551901
3576,00;5,82232E+15;0.21799950633393683
3577,00;6,01122E+16;0.1715147673017945
3578,00;5,88302E+16;0.203060785893463
3579,00;5,9481E+15;0.18704639345087393
3580,00;5,80943E+16;0.22116998612069472
3581,00;60.0;0.17427547173082447
3582,00;5,37327E+15;0.3284983197632947
3583,00;5,00212E+15;0.4198305696327186
3584,00;5,49638E+15;0.2982054477760908
3585,00;5,65215E+15;0.2598732504174063
3586,00;5,88798E+15;0.20184150557682767
3587,00;5,85884E+15;0.20901214743961694
3588,00;5,77411E+16;0.22986197961664012
3589,00;5,88995E+15;0.20135573432252962
3590,00;5,468E+15;0.3051884766026507
3591,00;5,73611E+15;0.23921190713613527
3592,00;5,64955E+16;0.26051223223826525
3593,00;5,74081E+16;0.2380565569722547
3594,00;5,85782E+15;0.2092637534249855
3595,00;5,70129E+16;0.2477803502954694
3596,00;6,04403E+14;0.16344036299556175
3597,00;5,87403E+15;0.20527317291366454
3598,00;5,87804E+15;0.20428706154564968
3599,00;5,78419E+15;0.22738141877827867
3600,00;5,84649E+15;0.2120511454582804
3601,00;5,71346E+15;0.24478675430302088
3602,00;5,82444E+15;0.21747563533666037
3603,00;5,80509E+15;0.22223735043564885
3604,00;5,72546E+14;0.24183450764547798
3605,00;5,75128E+15;0.23547962912186604
3606,00;5,88004E+15;0.20379570670882585
3607,00;5,87202E+15;0.20576793993989173
3608,00;5,76048E+16;0.23321482107170033
3609,00;5,84337E+15;0.21281769473138268
3610,00;5,80292E+15;0.22277303808419568
3611,00;5,78084E+15;0.2282050778318091
3612,00;5,7478E+15;0.23633515765524404
3613,00;5,74896E+15;0.2360496008193309
3614,00;5,74431E+15;0.23719412435673348
3615,00;5,74431E+15;0.23719412435673348
3616,00;5,86596E+16;0.20725915012738727
3617,00;6,05551E+15;0.16061468478933694
3618,00;5,67644E+15;0.25389634009225936
3619,00;5,79305E+16;0.22520038699745581
3620,00;5,76619E+15;0.23181140657536847
3621,00;6,04238E+16;0.16384709815139153
3622,00;6,14597E+15;0.1383558228520475
3623,00;6,0883E+15;0.15254809501831867
3624,00;6,01464E+16;0.17067244400518644
3625,00;6,00606E+15;0.17278450921353017
3626,00;5,45182E+16;0.30916883855574984
3627,00;4,88809E+16;0.44789040077873965
3628,00;5,25473E+15;0.35766842130772225
3629,00;533677183338,00;0.3374802824960902
3630,00;5,81159E+16;0.22063829614530495
3631,00;5,77411E+16;0.22986197961664012
3632,00;5,75128E+15;0.23547962912186604
3633,00;5,59037E+16;0.27507595628516124
3634,00;5,55775E+15;0.2831030269176945
3635,00;5,45345E+15;0.3087674501563057
3636,00;5,57916E+16;0.27783392048483524
3637,00;5,5358E+15;0.28850531769464394
3638,00;5,6404E+14;0.26276383292351146
3639,00;5,33863E+15;0.337022105986475
3640,00;5,40486E+15;0.3207251264143086
3641,00;5,27097E+15;0.35367317863195946
3642,00;5,56351E+15;0.28168518251528196
3643,00;5,2361E+15;0.3622541832358561
3644,00;5,18435E+16;0.3749868361895652
3645,00;5,71104E+13;0.24538212867096243
3646,00;5,59592E+15;0.2737102055686905
3647,00;5,49793E+16;0.297824110904396
3648,00;5,54611E+15;0.2859672474655911
3649,00;5,26694E+16;0.3546650099239699
3650,00;5,58338E+16;0.27679550908257267
3651,00;5,4823E+14;0.301668445830764
3652,00;5,66374E+16;0.25702123873379257
3653,00;5,33863E+15;0.337022105986475
3654,00;5,45671E+15;0.3079669276479158
3655,00;5,59592E+15;0.2737102055686905
3656,00;5,57492E+14;0.2788774014502412
3657,00;5,09061E+15;0.39805386278346533
3658,00;5,19539E+15;0.372270925951638
3659,00;5,80509E+15;0.22223735043564885
3660,00;5,68647E+15;0.25142890420670994
3661,00;5,5563E+15;0.2834589624868591
3662,00;5,65603E+16;0.2589183452108478
3663,00;5,85577E+15;0.2097678556866972
3664,00;5,77072E+16;0.23069527213365548
3665,00;5,34049E+16;0.3365649095343132
3666,00;5,38745E+15;0.3250086216757545
3667,00;5,27498E+15;0.35268592856316805
3668,00;4,78187E+16;0.4740284846209205
3669,00;4,74214E+15;0.48380620546079334
3670,00;4,36369E+15;0.576933468258186
3671,00;4,74582E+15;0.48289860639051885
3672,00;5,84649E+15;0.2120511454582804
3673,00;5,71948E+16;0.24330553382278963
3674,00;5,74664E+15;0.23662109650710517
3675,00;5,73493E+15;0.2395017231261508
3676,00;5,3122E+16;0.3435277160930226
3677,00;2,64444E+16;1.0
3678,00;3,76163E+15;0.7250862336251547
3679,00;4,5249E+15;0.5372622578443302
3680,00;3,73846E+16;0.7307862850190305
3681,00;5,48545E+15;0.3008940273752888
3682,00;5,76163E+15;0.23293340001736618
3683,00;5,72307E+16;0.24242170378372085
3684,00;5,81911E+15;0.2187877282225199
3685,00;5,66118E+15;0.2576517384826985
3686,00;5,66246E+15;0.25733625612300304
3687,00;5,60281E+16;0.2720151985897771
3688,00;6,0349E+15;0.16568704575369098
3689,00;5,72546E+14;0.24183450764547798
3690,00;5,87001E+14;0.2062638549184843
3691,00;5,77636E+14;0.22930825065437765
3692,00;5,68021E+15;0.2529677104205471
3693,00;4,46599E+16;0.5517586093895215
3694,00;5,60143E+16;0.2723531263437876
3695,00;5,85577E+15;0.2097678556866972
3696,00;5,77636E+14;0.22930825065437765
3697,00;5,54317E+15;0.28668934024660775
3698,00;5,90849E+14;0.19679515036904227
3699,00;5,87202E+15;0.20576793993989173
3700,00;5,80509E+15;0.22223735043564885
3701,00;5,68147E+16;0.2526590616161706
3702,00;5,67644E+15;0.25389634009225936
3703,00;5,50563E+15;0.2959275655428024
3704,00;4,98552E+15;0.4239148835893787
3705,00;4,63613E+15;0.5098925337699467
3706,00;5,60418E+16;0.27167780426574994
3707,00;5,83711E+15;0.21435909030502387
3708,00;5,88302E+16;0.203060785893463
3709,00;5,80943E+16;0.22116998612069472
3710,00;5,07815E+15;0.40112047578751575
3711,00;5,95727E+15;0.18478935811791486
3712,00;5,58758E+15;0.2757621182224099
3713,00;5,93228E+15;0.19093891390435946
3714,00;5,90655E+15;0.19727065503654695
3715,00;5,72783E+15;0.24124892026579392
3716,00;5,71828E+15;0.24360095786413882
3717,00;6,06362E+15;0.15861897225208266
3718,00;5,86088E+13;0.20850982227329895
3719,00;5,84649E+15;0.2120511454582804
3720,00;5,70129E+16;0.2477803502954694
3721,00;5,68647E+15;0.25142890420670994
3722,00;5,84959E+15;0.2112873354975342
3723,00;5,82551E+15;0.217214180551901
3724,00;5,8159E+15;0.21957886765713075
3725,00;5,85268E+16;0.21052624534062525
3726,00;5,99739E+16;0.17491765326515274
3727,00;5,67138E+16;0.2551408225593037
3728,00;5,67265E+15;0.25482902197900714
3729,00;5,95362E+16;0.18568931422597112
3730,00;5,1222E+15;0.39028066943447914
3731,00;5,96545E+15;0.1827782054448931
3732,00;6,09143E+15;0.1517771680873632
3733,00;5,44691E+16;0.3103775463568693
3734,00;5,77072E+16;0.23069527213365548
3735,00;5,50102E+16;0.29706347216608986
3736,00;4,8028E+16;0.46887789178127726
3737,00;5,68895E+16;0.2508164703782735
3738,00;5,92094E+15;0.19372989057763168
3739,00;5,71587E+15;0.24419303375489776
3740,00;6,082E+15;0.15409834123322308
3741,00;6,49103E+13;0.05344571657948305
3742,00;6,4318E+15;0.06801878258140093
3743,00;6,32034E+15;0.09544819249717018
3744,00;6,70822E+15;0.0
3745,00;6,58673E+14;0.029896259155166804
3746,00;6,3568E+14;0.08647474597555593
3747,00;6,16987E+15;0.1324751721572801
3748,00;5,83396E+15;0.21513397668808265
3749,00;5,87202E+15;0.20576793993989173
3750,00;5,01301E+15;0.4171504184039505
3751,00;4,13637E+16;0.6328704402682506
3752,00;5,14574E+15;0.3844879230222127
3753,00;5,28295E+15;0.3507250041679847
3754,00;5,73964E+15;0.2383448095579379
3755,00;5,76959E+16;0.23097375980808732
3756,00;5,70618E+16;0.2465778759008811
3757,00;5,62983E+15;0.2653664740297479
3758,00;5,02377E+15;0.41450345875618144
3759,00;5,05783E+16;0.4061204525544838
3760,00;5,04228E+16;0.4099487207427387
3761,00;5,40314E+15;0.3211496335248317
3762,00;5,51631E+15;0.2933003598245204
3763,00;5,35156E+15;0.33384207959293954
3764,00;5,5358E+15;0.28850531769464394
3765,00;5,6285E+16;0.2656940438408193
3766,00;5,70252E+16;0.24747909688423309
3767,00;5,22132E+14;0.36589017570253424
3768,00;5,35339E+15;0.33339162787745236
3769,00;5,69761E+16;0.24868666653635585
3770,00;5,60555E+15;0.2713409416902868
3771,00;5,36789E+16;0.32982178690133956
3772,00;5,58478E+15;0.2764504900247843
3773,00;5,36067E+16;0.33159925460762596
3774,00;4,88182E+16;0.449433651236807
3775,00;5,38216E+15;0.32631059073639535
3776,00;5,53728E+15;0.2881408857906893
3777,00;5,26895E+15;0.3541685189692746
3778,00;5,41344E+15;0.31861514620056486
3779,00;5,44855E+15;0.30997388380083957
3780,00;5,50256E+15;0.29668416548289056
3781,00;5,5417E+16;0.28705130351666763
3782,00;5,36429E+15;0.33070867306963025
3783,00;5,53728E+15;0.2881408857906893
3784,00;5,14109E+15;0.3856339807808191
3785,00;5,41854E+15;0.3173590842514722
3786,00;5,33304E+15;0.33839959255798757
3787,00;4,9005E+15;0.4448369308498593
3788,00;5,51631E+15;0.2933003598245204
3789,00;5,52536E+15;0.29107388906823706
3790,00;5,54611E+15;0.2859672474655911
3791,00;5,57775E+16;0.2781811817470693
3792,00;5,46318E+15;0.30637482151633644
3793,00;5,57775E+16;0.2781811817470693
3794,00;5,47756E+15;0.30283536006618617
3795,00;4,98272E+16;0.42460325539175303
3796,00;4,9005E+15;0.4448369308498593
3797,00;4,90357E+16;0.44408033090977106
3798,00;4,89741E+16;0.44559621853960507
3799,00;4,91273E+16;0.44182646897180844
3800,00;5,11019E+15;0.39323699955084024
3801,00;5,51782E+15;0.29292766703630113
3802,00;5,62315E+15;0.26700936651414275
3803,00;5,47439E+15;0.30361685731666244
3804,00;4,87233E+15;0.4517696226836312
3805,00;5,5417E+16;0.28705130351666763
3806,00;5,44197E+15;0.31159312836253006
3807,00;5,22979E+16;0.3638048980903652
3808,00;4,99386E+16;0.42186297093565917
3809,00;5,28096E+15;0.35121355126043163
3810,00;5,78863E+15;0.22628812094750594
3811,00;5,73846E+16;0.23863345141124193
3812,00;5,64172E+13;0.2624407198462724
3813,00;5,54464E+14;0.2863279889181245
3814,00;5,62716E+16;0.26602211644535134
3815,00;5,68397E+16;0.2520430979048883
3816,00;5,58758E+15;0.2757621182224099
3817,00;5,80943E+16;0.22116998612069472
3818,00;5,71466E+15;0.24448968787592484
3819,00;5,19977E+15;0.3711941515842023
3820,00;5,78307E+16;0.2276556192775766
3821,00;5,80073E+15;0.22331007168302275
3822,00;5,39794E+16;0.3224282370977931
3823,00;5,74664E+15;0.23662109650710517
3824,00;5,68397E+16;0.2520430979048883
3825,00;5,66118E+15;0.2576517384826985
3826,00;5,68397E+16;0.2520430979048883
3827,00;5,56923E+14;0.28027668147167206
3828,00;5,62983E+15;0.2653664740297479
3829,00;5,20412E+15;0.3701227746046757
3830,00;5,56207E+16;0.28203876284387064
3831,00;5,59176E+15;0.27473369959091043
3832,00;5,46639E+15;0.3055831937229341
3833,00;5,4696E+15;0.30479448707194157
3834,00;5,47439E+15;0.30361685731666244
3835,00;5,44691E+16;0.3103775463568693
3836,00;5,54757E+16;0.2856071138338213
3837,00;5,52386E+15;0.2914433606552923
3838,00;5,53134E+15;0.289602356509584
3839,00;5,49947E+15;0.29744345317263643
3840,00;5,56207E+16;0.28203876284387064
3841,00;5,40658E+15;0.3203014607455871
3842,00;5,41514E+15;0.31819563819565166
3843,00;5,3962E+14;0.3228561436669184
3844,00;5,15728E+15;0.38164937851625413
3845,00;5,48388E+15;0.30128088586983837
3846,00;5,59592E+15;0.2737102055686905
3847,00;5,51327E+15;0.2940477006554494
3848,00;533677183338,00;0.3374802824960902
3849,00;5,71104E+13;0.24538212867096243
3850,00;5,58198E+15;0.2771410859725485
3851,00;5,37327E+15;0.3284983197632947
3852,00;5,6404E+14;0.26276383292351146
3853,00;5,68272E+16;0.2523508578715078
3854,00;5,5041E+16;0.29630553073393706
3855,00;5,52985E+16;0.2899692909514433
3856,00;5,45182E+16;0.30916883855574984
3857,00;5,437E+15;0.3128156632106023
3858,00;5,36067E+16;0.33159925460762596
3859,00;5,5973E+15;0.2733701271200345
3860,00;5,44362E+15;0.31118716573357696
3861,00;5,50102E+16;0.29706347216608986
3862,00;5,38745E+15;0.3250086216757545
3863,00;5,13875E+15;0.3862093223392232
3864,00;5,51631E+15;0.2933003598245204
3865,00;5,4253E+15;0.31569573531303596
3866,00;5,37684E+15;0.32762053922820955
3867,00;5,53431E+15;0.2888703720274307
3868,00;5,4083E+15;0.3198786331895169
3869,00;5,50256E+15;0.29668416548289056
3870,00;5,51934E+15;0.2925556229738898
3871,00;5,33304E+15;0.33839959255798757
3872,00;5,35886E+16;0.33204594078877914
3873,00;5,38569E+14;0.32544173075989746
3874,00;5,38745E+15;0.3250086216757545
3875,00;4,97428E+15;0.42668177348842073
3876,00;5,0103E+15;0.41781731211155837
3877,00;4,91576E+15;0.4410804324032698
3878,00;4,81987E+15;0.46467855710142536
3879,00;4,60639E+15;0.5172095065404094
3880,00;4,40824E+15;0.565970077478527
3881,00;5,22768E+15;0.3643243133153382
3882,00;5,15498E+15;0.38221407966346055
3883,00;5,00212E+15;0.4198305696327186
3884,00;5,32552E+15;0.3402501604807726
3885,00;5,39446E+15;0.3232849086249219
3886,00;5,57916E+16;0.27783392048483524
3887,00;5,22768E+15;0.3643243133153382
3888,00;5,36609E+16;0.33026476998195553
3889,00;4,4811E+13;0.548041311174108
3890,00;5,47756E+15;0.30283536006618617
3891,00;5,45019E+15;0.30957098215488554
3892,00;5,22557E+15;0.3648449938648861
3893,00;5,5087E+16;0.29517363439111577
3894,00;5,75819E+15;0.23377877722972118
3895,00;5,62181E+16;0.2673394658228264
3896,00;5,58478E+15;0.2764504900247843
3897,00;5,42698E+15;0.3152819128025691
3898,00;5,51934E+15;0.2925556229738898
3899,00;5,39968E+15;0.3220011854874172
3900,00;5,57634E+15;0.2785290081214521
3901,00;5,56923E+14;0.28027668147167206
3902,00;5,58618E+14;0.2761060270011737
3903,00;5,61642E+15;0.2686649848610495
3904,00;4,9005E+15;0.4448369308498593
3905,00;5,57492E+14;0.2788774014502412
3906,00;5,54464E+14;0.2863279889181245
3907,00;5,53283E+15;0.28923605091883275
3908,00;5,37862E+15;0.32718299708997134
3909,00;5,26491E+15;0.35516265685399173
3910,00;5,45995E+15;0.30716939217075534
3911,00;5,2465E+15;0.35969440102524286
3912,00;5,39794E+16;0.3224282370977931
3913,00;5,39794E+16;0.3224282370977931
3914,00;5,54464E+14;0.2863279889181245
3915,00;5,3962E+14;0.3228561436669184
3916,00;5,71346E+15;0.24478675430302088
3917,00;5,73376E+15;0.23979193262068643
3918,00;5,44855E+15;0.30997388380083957
3919,00;5,27897E+15;0.3517032175911817
3920,00;5,64303E+16;0.26211809448707135
3921,00;5,64434E+15;0.26179595537576994
3922,00;5,62449E+15;0.26667977622541217
3923,00;5,49171E+16;0.29935355757277216
3924,00;5,22768E+15;0.3643243133153382
3925,00;5,68147E+16;0.2526590616161706
3926,00;5,72902E+15;0.24095672711039284
3927,00;5,63777E+14;0.26341152814608226
3928,00;5,55775E+15;0.2831030269176945
3929,00;5,60555E+15;0.2713409416902868
3930,00;5,76505E+15;0.23209135325571428
3931,00;5,22768E+15;0.3643243133153382
3932,00;5,35156E+15;0.33384207959293954
3933,00;5,08814E+15;0.3986636756361769
3934,00;4,34637E+15;0.5811941925975534
3935,00;4,2477E+16;0.6054743692896873
3936,00;4,38066E+15;0.5727560207587217
3937,00;5,59592E+15;0.2737102055686905
3938,00;5,68021E+15;0.2529677104205471
3939,00;5,46156E+16;0.3067717376190514
3940,00;5,42193E+16;0.3165257917344566
3941,00;5,12696E+15;0.3891094924773615
3942,00;4,36938E+15;0.5755318943186548
3943,00;4,58007E+15;0.5236869495122161
3944,00;4,52964E+15;0.5360974633546238
3945,00;5,25473E+15;0.35766842130772225
3946,00;5,54023E+15;0.2874138808044435
3947,00;5,41684E+15;0.31777695195033395
3948,00;5,38393E+16;0.3258757192539521
3949,00;5,63909E+15;0.2630874351956034
3950,00;5,60964E+16;0.2703335277598493
3951,00;5,61507E+16;0.26899765303698175
3952,00;5,49638E+15;0.2982054477760908
3953,00;5,68147E+16;0.2526590616161706
3954,00;5,26895E+15;0.3541685189692746
3955,00;5,38921E+15;0.32457638844475534
3956,00;4,93077E+16;0.4373888162858014
3957,00;5,3442E+15;0.3356534400938246
3958,00;5,59454E+15;0.27405082597526265
3959,00;5,80835E+15;0.22143632791202972
3960,00;5,57066E+15;0.27992600172132687
3961,00;5,05009E+16;0.40802601578437503
3962,00;5,77748E+15;0.22903192319521926
3963,00;5,52686E+16;0.2907050550511049
3964,00;5,59868E+16;0.27303058890742604
3965,00;5,5973E+15;0.2733701271200345
3966,00;5,58758E+15;0.2757621182224099
3967,00;5,39968E+15;0.3220011854874172
3968,00;5,62181E+16;0.2673394658228264
3969,00;5,49638E+15;0.2982054477760908
3970,00;5,27498E+15;0.35268592856316805
3971,00;5,55485E+15;0.28381549177701426
3972,00;5,2361E+15;0.3622541832358561
3973,00;5,72426E+16;0.2421279040675105
3974,00;5,75589E+16;0.23434422533698784
3975,00;5,82444E+15;0.21747563533666037
3976,00;5,44691E+16;0.3103775463568693
3977,00;5,48545E+15;0.3008940273752888
3978,00;5,83711E+15;0.21435909030502387
3979,00;5,59176E+15;0.27473369959091043
3980,00;5,73846E+16;0.23863345141124193
3981,00;5,7786E+16;0.22875595251790182
3982,00;5,22557E+15;0.3648449938648861
3983,00;5,20629E+15;0.36958909327899847
3984,00;5,72665E+16;0.24154151341195018
3985,00;5,71104E+13;0.24538212867096243
3986,00;5,72546E+14;0.24183450764547798
3987,00;5,30256E+15;0.3458999852829734
3988,00;5,74431E+15;0.23719412435673348
3989,00;5,52084E+15;0.2921842253828075
3990,00;5,52536E+15;0.29107388906823706
3991,00;5,33304E+15;0.33839959255798757
3992,00;4,41903E+15;0.5633148972480801
3993,00;5,15498E+15;0.38221407966346055
3994,00;5,02377E+15;0.41450345875618144
3995,00;4,57111E+15;0.5258904665530222
3996,00;4,5666E+16;0.5270008028675928
3997,00;4,59333E+15;0.5204236913186067
3998,00;4,60206E+16;0.5182755399716443
3999,00;4,56207E+16;0.5281169373093055
4000,00;5,29477E+16;0.34781694216727654
4001,00;5,62047E+16;0.26767007572615875
4002,00;5,60555E+15;0.2713409416902868
4003,00;5,74664E+15;0.23662109650710517
4004,00;5,77072E+16;0.23069527213365548
4005,00;5,76048E+16;0.23321482107170033
4006,00;5,8308E+14;0.21591168255479165
4007,00;5,73493E+15;0.2395017231261508
4008,00;5,83606E+15;0.21461707375202166
4009,00;5,79635E+15;0.2243882039053523
4010,00;5,52686E+16;0.2907050550511049
4011,00;5,69884E+15;0.2483841339170021
4012,00;5,62716E+16;0.26602211644535134
4013,00;5,26491E+15;0.35516265685399173
4014,00;5,05783E+16;0.4061204525544838
4015,00;5,14806E+15;0.38391719034694505
4016,00;5,43534E+15;0.3132247336893228
4017,00;5,28295E+15;0.3507250041679847
4018,00;5,47756E+15;0.30283536006618617
4019,00;5,32928E+16;0.3393228737339872
4020,00;5,47279E+15;0.30400868008429904
4021,00;5,25473E+15;0.35766842130772225
4022,00;5,45833E+16;0.30756778792428885
4023,00;5,54317E+15;0.28668934024660775
4024,00;5,55919E+16;0.2827476830953852
4025,00;5,45182E+16;0.30916883855574984
4026,00;5,13875E+15;0.3862093223392232
4027,00;5,13405E+16;0.387364672503104
4028,00;5,16413E+15;0.3799641719423368
4029,00;5,4712E+14;0.3044012224533822
4030,00;5,45345E+15;0.3087674501563057
4031,00;5,60006E+15;0.2726915892171887
4032,00;5,53134E+15;0.289602356509584
4033,00;5,64303E+16;0.26211809448707135
4034,00;5,45995E+15;0.30716939217075534
4035,00;5,30062E+15;0.346377615112768
4036,00;5,82869E+15;0.21643172967238888
4037,00;5,43866E+15;0.3124073741468347
4038,00;5,5563E+15;0.2834589624868591
4039,00;5,08814E+15;0.3986636756361769
4040,00;5,14574E+15;0.3844879230222127
4041,00;5,25268E+15;0.3581731187320426
4042,00;5,53283E+15;0.28923605091883275
4043,00;5,5735E+15;0.2792263635847174
4044,00;5,59592E+15;0.2737102055686905
4045,00;5,4823E+14;0.301668445830764
4046,00;5,38745E+15;0.3250086216757545
4047,00;5,12933E+16;0.38852630177478964
4048,00;5,16413E+15;0.3799641719423368
4049,00;5,19977E+15;0.3711941515842023
4050,00;5,55049E+15;0.28488866186361606
4051,00;5,61642E+15;0.2686649848610495
4052,00;5,437E+15;0.3128156632106023
4053,00;5,78196E+15;0.22793017199341203
4054,00;5,7853E+16;0.22710756959297762
4055,00;5,33491E+15;0.3379394432739363
4056,00;5,53728E+15;0.2881408857906893
4057,00;5,65345E+15;0.2595544744300714
4058,00;5,39446E+15;0.3232849086249219
4059,00;5,61236E+15;0.2696645467445896
4060,00;5,25473E+15;0.35766842130772225
4061,00;5,21919E+14;0.3664146894869551
4062,00;5,00485E+15;0.4191573745568742
4063,00;4,98552E+15;0.4239148835893787
4064,00;4,83991E+16;0.4597458937294987
4065,00;4,86914E+16;0.45255398782035094
4066,00;4,51055E+15;0.5407952186098622
4067,00;4,4609E+15;0.5530122156804369
4068,00;4,29844E+14;0.592989696216828
4069,00;4,62351E+16;0.5129977592318548
4070,00;4,43497E+15;0.5593929659295408
4071,00;4,54832E+14;0.5315007429676759
4072,00;4,37504E+16;0.5741394512187725
4073,00;4,44022E+14;0.5581014861097073
4074,00;4,47609E+15;0.5492732411544845
4075,00;4,29226E+15;0.594510978510028
4076,00;4,41903E+15;0.5633148972480801
4077,00;4,51055E+15;0.5407952186098622
4078,00;4,6107E+15;0.5161487636194383
4079,00;4,68089E+16;0.49887776953495333
4080,00;5,14574E+15;0.3844879230222127
4081,00;5,48545E+15;0.3008940273752888
4082,00;5,56495E+15;0.2813321861346533
4083,00;5,54611E+15;0.2859672474655911
4084,00;5,40658E+15;0.3203014607455871
4085,00;5,44032E+15;0.31199986351836007
4086,00;5,49482E+15;0.2985874662153898
4087,00;5,54464E+14;0.2863279889181245
4088,00;5,5973E+15;0.2733701271200345
4089,00;5,59315E+15;0.27439199006986525
4090,00;5,40141E+16;0.32157498542618135
4091,00;5,30643E+15;0.344947915736011
4092,00;5,69761E+16;0.24868666653635585
4093,00;5,69515E+15;0.24929301945333415
4094,00;5,6404E+14;0.26276383292351146
4095,00;5,52985E+16;0.2899692909514433
4096,00;5,54757E+16;0.2856071138338213
4097,00;5,55195E+15;0.2845303394663856
4098,00;5,29084E+15;0.34878190660488806
4099,00;5,35156E+15;0.33384207959293954
4100,00;5,72068E+15;0.24301051754422232
4101,00;5,67518E+15;0.25420678206388403
4102,00;5,69144E+15;0.25020578636315927
4103,00;5,67138E+16;0.2551408225593037
4104,00;5,61507E+16;0.26899765303698175
4105,00;5,61777E+15;0.26833283365218763
4106,00;5,58618E+14;0.2761060270011737
4107,00;5,60691E+16;0.27100460918990543
4108,00;5,3442E+15;0.3356534400938246
4109,00;5,4083E+15;0.3198786331895169
4110,00;5,39446E+15;0.3232849086249219
4111,00;5,31602E+15;0.34258613192759646
4112,00;5,31983E+15;0.3416486775305517
4113,00;4,94551E+15;0.43375987920078996
4114,00;5,24027E+15;0.36122658866092283
4115,00;5,51479E+15;0.2936737036048398
4116,00;5,47279E+15;0.30400868008429904
4117,00;5,33863E+15;0.337022105986475
4118,00;5,45671E+15;0.3079669276479158
4119,00;5,38745E+15;0.3250086216757545
4120,00;5,41684E+15;0.31777695195033395
4121,00;5,36969E+15;0.32937972002216465
4122,00;5,45019E+15;0.30957098215488554
4123,00;5,47914E+15;0.3024456803595448
4124,00;5,32552E+15;0.3402501604807726
4125,00;4,98552E+15;0.4239148835893787
4126,00;4,85627E+15;0.4557205532912576
4127,00;4,97144E+16;0.42737912895168617
4128,00;5,35886E+16;0.33204594078877914
4129,00;5,00758E+15;0.41848629312681807
4130,00;4,94258E+16;0.43448075428509314
4131,00;4,97428E+15;0.42668177348842073
4132,00;4,9218E+15;0.43959612602226095
4133,00;4,94843E+14;0.4330414272305847
4134,00;4,80967E+15;0.467188244564138
4135,00;5,05268E+16;0.4073889385321253
4136,00;5,48702E+16;0.3005078678124561
4137,00;4,93077E+16;0.4373888162858014
4138,00;5,21919E+14;0.3664146894869551
4139,00;4,99937E+15;0.42050589171075636
4140,00;5,0103E+15;0.41781731211155837
4141,00;5,11742E+15;0.3914582991897584
4142,00;5,29084E+15;0.34878190660488806
4143,00;4,86273E+15;0.45413140649204553
4144,00;5,45345E+15;0.3087674501563057
4145,00;5,45182E+16;0.30916883855574984
4146,00;5,40141E+16;0.32157498542618135
4147,00;5,32552E+15;0.3402501604807726
4148,00;5,611E+13;0.269998775522451
4149,00;5,51327E+15;0.2940477006554494
4150,00;5,30062E+15;0.346377615112768
4151,00;5,27698E+15;0.3521940083002568
4152,00;5,41344E+15;0.31861514620056486
4153,00;5,41514E+15;0.31819563819565166
4154,00;5,33116E+15;0.3388607346136471
4155,00;5,22345E+15;0.36536694591886965
4156,00;5,19539E+15;0.372270925951638
4157,00;4,66891E+15;0.5018259439989282
4158,00;5,62047E+16;0.26767007572615875
4159,00;5,28295E+15;0.3507250041679847
4160,00;5,65861E+14;0.2582841036181943
4161,00;5,49171E+16;0.29935355757277216
4162,00;5,31411E+16;0.34305640551640715
4163,00;4,99386E+16;0.42186297093565917
4164,00;5,79635E+15;0.2243882039053523
4165,00;4,81308E+14;0.4663484035626203
4166,00;5,08565E+16;0.399275233306295
4167,00;5,36067E+16;0.33159925460762596
4168,00;5,36789E+16;0.32982178690133956
4169,00;5,39271E+15;0.32371453542261697
4170,00;5,20195E+15;0.3706577918049019
4171,00;5,53431E+15;0.2888703720274307
4172,00;5,57634E+15;0.2785290081214521
4173,00;5,47914E+15;0.3024456803595448
4174,00;5,81911E+15;0.2187877282225199
4175,00;5,57208E+16;0.2795758963852445
4176,00;5,41684E+15;0.31777695195033395
4177,00;5,45833E+16;0.30756778792428885
4178,00;5,60418E+16;0.27167780426574994
4179,00;5,57634E+15;0.2785290081214521
4180,00;5,38393E+16;0.3258757192539521
4181,00;5,1029E+15;0.39503062624325314
4182,00;5,56495E+15;0.2813321861346533
4183,00;5,65989E+15;0.25796768718751506
4184,00;5,36789E+16;0.32982178690133956
4185,00;5,72546E+14;0.24183450764547798
4186,00;5,71104E+13;0.24538212867096243
4187,00;5,71346E+15;0.24478675430302088
4188,00;5,48073E+16;0.30205670980653765
4189,00;5,39968E+15;0.3220011854874172
4190,00;5,38393E+16;0.3258757192539521
4191,00;5,25678E+15;0.3571649128065857
4192,00;5,21061E+15;0.3685257116831726
4193,00;5,05783E+16;0.4061204525544838
4194,00;4,8366E+14;0.46056013951380337
4195,00;4,74214E+15;0.48380620546079334
4196,00;4,82324E+14;0.4638485006800047
4197,00;4,81308E+14;0.4663484035626203
4198,00;4,90664E+15;0.4433263997580844
4199,00;4,94258E+16;0.43448075428509314
4200,00;4,85302E+15;0.45651957949240507
4201,00;5,30062E+15;0.346377615112768
4202,00;5,55919E+16;0.2827476830953852
4203,00;4,97992E+16;0.42529385133951714
4204,00;4,85302E+15;0.45651957949240507
4205,00;5,49482E+15;0.2985874662153898
4206,00;5,09061E+15;0.39805386278346533
4207,00;5,16185E+15;0.38052443244632117
4208,00;5,37148E+15;0.32893856556237755
4209,00;5,68147E+16;0.2526590616161706
4210,00;5,4696E+15;0.30479448707194157
4211,00;5,57066E+15;0.27992600172132687
4212,00;5,68522E+15;0.25173578044017086
4213,00;5,54023E+15;0.2874138808044435
4214,00;5,18435E+16;0.3749868361895652
4215,00;5,63909E+15;0.2630874351956034
4216,00;5,32173E+15;0.3411814877054431
4217,00;5,30062E+15;0.346377615112768
4218,00;5,47597E+15;0.30322575151697917
4219,00;5,62181E+16;0.2673394658228264
4220,00;5,53283E+15;0.28923605091883275
4221,00;5,30256E+15;0.3458999852829734
4222,00;5,29477E+16;0.34781694216727654
4223,00;5,60691E+16;0.27100460918990543
4224,00;5,18657E+16;0.3744408863144746
4225,00;5,49015E+15;0.2997376354117709
4226,00;5,64172E+13;0.2624407198462724
4227,00;5,5417E+16;0.28705130351666763
4228,00;5,56495E+15;0.2813321861346533
4229,00;5,68021E+15;0.2529677104205471
4230,00;5,46156E+16;0.3067717376190514
4231,00;5,35156E+15;0.33384207959293954
4232,00;5,60143E+16;0.2723531263437876
4233,00;5,38921E+15;0.32457638844475534
4234,00;5,49947E+15;0.29744345317263643
4235,00;5,45833E+16;0.30756778792428885
4236,00;5,60828E+15;0.2706688050990117
4237,00;5,40486E+15;0.3207251264143086
4238,00;5,35886E+16;0.33204594078877914
4239,00;5,56063E+15;0.2823929290556243
4240,00;5,52686E+16;0.2907050550511049
4241,00;5,32552E+15;0.3402501604807726
4242,00;5,37327E+15;0.3284983197632947
4243,00;5,30256E+15;0.3458999852829734
4244,00;5,29281E+16;0.3482988798232961
4245,00;5,21705E+15;0.36694049358948855
4246,00;5,01301E+15;0.4171504184039505
4247,00;4,71587E+15;0.4902696561403693
4248,00;4,90357E+16;0.44408033090977106
4249,00;5,36609E+16;0.33026476998195553
4250,00;4,99662E+15;0.4211833542743948
4251,00;5,5358E+15;0.28850531769464394
4252,00;5,30062E+15;0.346377615112768
4253,00;5,48073E+16;0.30205670980653765
4254,00;5,31602E+15;0.34258613192759646
4255,00;4,89121E+16;0.44712293402997105
4256,00;5,50256E+15;0.29668416548289056
4257,00;5,51327E+15;0.2940477006554494
4258,00;5,52536E+15;0.29107388906823706
4259,00;5,53728E+15;0.2881408857906893
4260,00;5,34049E+16;0.3365649095343132
4261,00;5,60418E+16;0.27167780426574994
4262,00;5,52235E+16;0.2918134720203073
4263,00;5,42193E+16;0.3165257917344566
4264,00;5,59037E+16;0.27507595628516124
4265,00;5,64172E+13;0.2624407198462724
4266,00;5,07564E+15;0.40173911372992455
4267,00;5,64825E+15;0.2608324409272016
4268,00;5,3274E+15;0.3397860142399862
4269,00;5,46639E+15;0.3055831937229341
4270,00;5,47756E+15;0.30283536006618617
4271,00;5,68895E+16;0.2508164703782735
4272,00;4,98552E+15;0.4239148835893787
4273,00;4,9248E+15;0.43885782041807353
4274,00;5,37862E+15;0.32718299708997134
4275,00;5,30062E+15;0.346377615112768
4276,00;5,46479E+16;0.3059786411250768
4277,00;5,51631E+15;0.2933003598245204
4278,00;5,26694E+16;0.3546650099239699
4279,00;5,45508E+15;0.30836681412543676
4280,00;5,39794E+16;0.3224282370977931
4281,00;5,31028E+15;0.34400006824081986
4282,00;4,80624E+15;0.46803139855648557
4283,00;5,19758E+15;0.37173186069770203
4284,00;5,74896E+15;0.2360496008193309
4285,00;5,39794E+16;0.3224282370977931
4286,00;5,51022E+15;0.29479766374027927
4287,00;5,71346E+15;0.24478675430302088
4288,00;5,60828E+15;0.2706688050990117
4289,00;5,31028E+15;0.34400006824081986
4290,00;5,68895E+16;0.2508164703782735
4291,00;5,56495E+15;0.2813321861346533
4292,00;5,68147E+16;0.2526590616161706
4293,00;5,17542E+16;0.3771846885621879
4294,00;5,27097E+15;0.35367317863195946
4295,00;5,65474E+15;0.2592361731651567
4296,00;5,48545E+15;0.3008940273752888
4297,00;5,18879E+15;0.37389632739598666
4298,00;5,32552E+15;0.3402501604807726
4299,00;5,52985E+16;0.2899692909514433
4300,00;5,48859E+15;0.30012240466039386
4301,00;4,95713E+15;0.43090044846235354
4302,00;5,22345E+15;0.36536694591886965
4303,00;5,59315E+15;0.27439199006986525
4304,00;5,1317E+16;0.3879446979876551
4305,00;4,7924E+15;0.4714376739918906
4306,00;4,88496E+15;0.44866063317942473
4307,00;4,9248E+15;0.43885782041807353
4308,00;5,32173E+15;0.3411814877054431
4309,00;5,56638E+16;0.28097977177635014
4310,00;5,54023E+15;0.2874138808044435
4311,00;5,35521E+16;0.3329421234848835
4312,00;5,43033E+15;0.31445666366969927
4313,00;5,28493E+15;0.35023757120898447
4314,00;5,29477E+16;0.34781694216727654
4315,00;5,18879E+15;0.37389632739598666
4316,00;4,99937E+15;0.42050589171075636
4317,00;4,84976E+15;0.4573216039227186
4318,00;4,95134E+15;0.43232538213916094
4319,00;5,00485E+15;0.4191573745568742
4320,00;5,09309E+16;0.3974457848203027
4321,00;5,24027E+15;0.36122658866092283
4322,00;5,60691E+16;0.27100460918990543
4323,00;5,21705E+15;0.36694049358948855
4324,00;5,58758E+15;0.2757621182224099
4325,00;5,611E+13;0.269998775522451
4326,00;5,52386E+15;0.2914433606552923
4327,00;5,54464E+14;0.2863279889181245
4328,00;5,85679E+15;0.2095156559407535
4329,00;5,57775E+16;0.2781811817470693
4330,00;5,58758E+15;0.2757621182224099
4331,00;4,53903E+15;0.5337867461477874
4332,00;4,98272E+16;0.42460325539175303
4333,00;4,90664E+15;0.4433263997580844
4334,00;4,68485E+16;0.49790401268038886
4335,00;4,5756E+15;0.5247858684362288
4336,00;4,96001E+15;0.4301915282108393
4337,00;5,18213E+16;0.3755341841452474
4338,00;5,40658E+15;0.3203014607455871
4339,00;5,2465E+15;0.35969440102524286
4340,00;5,2319E+16;0.3632867420550514
4341,00;5,56207E+16;0.28203876284387064
4342,00;5,40658E+15;0.3203014607455871
4343,00;4,80624E+15;0.46803139855648557
4344,00;5,36067E+16;0.33159925460762596
4345,00;5,47279E+15;0.30400868008429904
4346,00;4,76042E+15;0.4793062653607103
4347,00;4,4609E+15;0.5530122156804369
4348,00;5,17317E+16;0.37773770118605343
4349,00;5,20629E+15;0.36958909327899847
4350,00;5,51934E+15;0.2925556229738898
4351,00;5,17317E+16;0.37773770118605343
4352,00;4,8266E+15;0.46302165531659434
4353,00;4,99662E+15;0.4211833542743948
4354,00;5,40314E+15;0.3211496335248317
4355,00;5,37862E+15;0.32718299708997134
4356,00;5,03175E+16;0.4125395313717686
4357,00;5,04489E+14;0.4093058954164285
4358,00;5,21705E+15;0.36694049358948855
4359,00;5,45508E+15;0.30836681412543676
4360,00;5,78641E+15;0.22683407082259643
4361,00;5,91426E+15;0.19537495072605382
4362,00;5,82444E+15;0.21747563533666037
4363,00;5,59454E+15;0.27405082597526265
4364,00;5,20845E+14;0.369056741173441
4365,00;5,07312E+16;0.40235954743085267
4366,00;4,66891E+15;0.5018259439989282
4367,00;4,60206E+16;0.5182755399716443
4368,00;5,28493E+15;0.35023757120898447
4369,00;5,48073E+16;0.30205670980653765
4370,00;4,5666E+16;0.5270008028675928
4371,00;4,74582E+15;0.48289860639051885
4372,00;4,50084E+15;0.5431833916102218
4373,00;4,55751E+15;0.5292389307513035
4374,00;4,66488E+15;0.5028177752909385
4375,00;4,66488E+15;0.5028177752909385
4376,00;4,87233E+15;0.4517696226836312
4377,00;4,93964E+15;0.4352040688836363
4378,00;5,07815E+15;0.40112047578751575
4379,00;4,83991E+16;0.4597458937294987
4380,00;5,41684E+15;0.31777695195033395
4381,00;5,6777E+16;0.2535863483629558
4382,00;5,67391E+15;0.2545176755876264
4383,00;5,30449E+16;0.3454234204035155
4384,00;5,71587E+15;0.24419303375489776
4385,00;5,74548E+15;0.23690741839840024
4386,00;5,38921E+15;0.32457638844475534
4387,00;5,56923E+14;0.28027668147167206
4388,00;5,48073E+16;0.30205670980653765
4389,00;5,94069E+15;0.18886934061950644
4390,00;5,78641E+15;0.22683407082259643
4391,00;5,77185E+15;0.2304171468375622
4392,00;5,56351E+15;0.28168518251528196
4393,00;5,67265E+15;0.25482902197900714
4394,00;5,57775E+16;0.2781811817470693
4395,00;5,06805E+14;0.40360584402255273
4396,00;4,98831E+15;0.4232287216521299
4397,00;5,16185E+15;0.38052443244632117
4398,00;5,1222E+15;0.39028066943447914
4399,00;5,32173E+15;0.3411814877054431
4400,00;5,64825E+15;0.2608324409272016
4401,00;5,51022E+15;0.29479766374027927
4402,00;5,57916E+16;0.27783392048483524
4403,00;5,29084E+15;0.34878190660488806
4404,00;5,37684E+15;0.32762053922820955
4405,00;5,60418E+16;0.27167780426574994
4406,00;5,76959E+16;0.23097375980808732
4407,00;5,69267E+16;0.24990109741649658
4408,00;5,62449E+15;0.26667977622541217
4409,00;5,66118E+15;0.2576517384826985
4410,00;5,50563E+15;0.2959275655428024
4411,00;5,81911E+15;0.2187877282225199
4412,00;5,5563E+15;0.2834589624868591
4413,00;5,6285E+16;0.2656940438408193
4414,00;5,42866E+15;0.3148688899496257
4415,00;5,10534E+16;0.39443107673403544
4416,00;5,14806E+15;0.38391719034694505
4417,00;4,96289E+15;0.4294849515016219
4418,00;4,96289E+15;0.4294849515016219
4419,00;4,89121E+16;0.44712293402997105
4420,00;5,28691E+15;0.3497512473134201
4421,00;5,44527E+16;0.3107819727024861
4422,00;5,69267E+16;0.24990109741649658
4423,00;5,52536E+15;0.29107388906823706
4424,00;5,22768E+15;0.3643243133153382
4425,00;5,55775E+15;0.2831030269176945
4426,00;5,5087E+16;0.29517363439111577
4427,00;5,64825E+15;0.2608324409272016
4428,00;5,59592E+15;0.2737102055686905
4429,00;5,52386E+15;0.2914433606552923
4430,00;5,43201E+15;0.3140452308960955
4431,00;5,39096E+16;0.32414502753166685
4432,00;5,64955E+16;0.26051223223826525
4433,00;5,68522E+15;0.25173578044017086
4434,00;5,53431E+15;0.2888703720274307
4435,00;5,4253E+15;0.31569573531303596
4436,00;5,5563E+15;0.2834589624868591
4437,00;5,57916E+16;0.27783392048483524
4438,00;5,53134E+15;0.289602356509584
4439,00;5,37327E+15;0.3284983197632947
4440,00;5,42698E+15;0.3152819128025691
4441,00;4,91878E+15;0.44033699074977606
4442,00;5,27298E+15;0.35317898359124367
4443,00;5,08066E+15;0.40050362323847644
4444,00;4,86914E+16;0.45255398782035094
4445,00;4,88182E+16;0.449433651236807
4446,00;5,03439E+15;0.41188887863220836
4447,00;5,52835E+15;0.29033685640727114
4448,00;5,25268E+15;0.3581731187320426
4449,00;5,08565E+16;0.399275233306295
4450,00;5,46479E+16;0.3059786411250768
4451,00;5,25473E+15;0.35766842130772225
4452,00;4,93374E+15;0.4366580830616127
4453,00;5,43201E+15;0.3140452308960955
4454,00;5,37506E+15;0.32805897888941116
4455,00;5,28295E+15;0.3507250041679847
4456,00;5,14574E+15;0.3844879230222127
4457,00;5,4253E+15;0.31569573531303596
4458,00;5,16413E+15;0.3799641719423368
4459,00;5,42193E+16;0.3165257917344566
4460,00;5,24443E+14;0.36020391082524916
4461,00;5,2465E+15;0.35969440102524286
4462,00;5,54023E+15;0.2874138808044435
4463,00;5,68021E+15;0.2529677104205471
4464,00;5,25473E+15;0.35766842130772225
4465,00;5,55485E+15;0.28381549177701426
4466,00;5,3122E+16;0.3435277160930226
4467,00;5,34788E+15;0.3347458410235502
4468,00;4,62351E+16;0.5129977592318548
4469,00;4,62351E+16;0.5129977592318548
4470,00;5,10777E+15;0.39383320428857194
4471,00;5,09801E+16;0.39623479427270225
4472,00;4,69661E+15;0.49500908003008803
4473,00;4,58893E+16;0.5215059177313932
4474,00;4,38066E+15;0.5727560207587217
4475,00;5,08316E+16;0.3998885458071395
4476,00;5,43866E+15;0.3124073741468347
4477,00;5,37684E+15;0.32762053922820955
4478,00;4,96001E+15;0.4301915282108393
4479,00;5,49638E+15;0.2982054477760908
4480,00;5,64434E+15;0.26179595537576994
4481,00;5,08066E+15;0.40050362323847644
4482,00;5,234E+15;0.3627698391189903
4483,00;5,23819E+15;0.36173976840297795
4484,00;4,91878E+15;0.44033699074977606
4485,00;5,64564E+15;0.2614743010488674
4486,00;5,49327E+15;0.2989701686630024
4487,00;5,13405E+16;0.387364672503104
4488,00;5,02109E+16;0.4151621318811115
4489,00;5,2361E+15;0.3622541832358561
4490,00;5,00485E+15;0.4191573745568742
4491,00;5,25473E+15;0.35766842130772225
4492,00;5,32173E+15;0.3411814877054431
4493,00;5,60828E+15;0.2706688050990117
4494,00;5,5358E+15;0.28850531769464394
4495,00;5,78863E+15;0.22628812094750594
4496,00;5,8308E+14;0.21591168255479165
4497,00;5,43866E+15;0.3124073741468347
4498,00;5,29867E+16;0.3468563146631194
4499,00;5,45995E+15;0.30716939217075534
4500,00;5,52235E+16;0.2918134720203073
4501,00;5,00212E+15;0.4198305696327186
4502,00;5,29084E+15;0.34878190660488806
4503,00;5,64434E+15;0.26179595537576994
4504,00;5,65474E+15;0.2592361731651567
4505,00;5,71104E+13;0.24538212867096243
4506,00;5,57066E+15;0.27992600172132687
4507,00;5,67391E+15;0.2545176755876264
4508,00;5,16185E+15;0.38052443244632117
4509,00;5,52235E+16;0.2918134720203073
4510,00;5,36609E+16;0.33026476998195553
4511,00;5,3442E+15;0.3356534400938246
4512,00;5,09555E+15;0.3968394319033246
4513,00;5,19099E+15;0.37335315236442446
4514,00;4,63613E+15;0.5098925337699467
4515,00;4,65676E+15;0.5048153530072363
4516,00;4,53434E+16;0.5349389821451793
4517,00;5,52386E+15;0.2914433606552923
4518,00;5,44855E+15;0.30997388380083957
4519,00;5,5735E+15;0.2792263635847174
4520,00;4,71587E+15;0.4902696561403693
4521,00;4,62773E+15;0.511957663457334
4522,00;5,19758E+15;0.37173186069770203
4523,00;5,61777E+15;0.26833283365218763
4524,00;5,64825E+15;0.2608324409272016
4525,00;5,67644E+15;0.25389634009225936
4526,00;5,33863E+15;0.337022105986475
4527,00;4,7889E+15;0.4722977928986355
4528,00;4,75315E+15;0.48109488885185214
4529,00;5,70861E+16;0.24597916609795722
4530,00;5,81051E+16;0.22090397580647225
4531,00;5,70983E+16;0.2456804389216034
4532,00;5,56351E+15;0.28168518251528196
4533,00;5,41684E+15;0.31777695195033395
4534,00;5,61912E+15;0.2680011978061535
4535,00;5,47597E+15;0.30322575151697917
4536,00;5,31028E+15;0.34400006824081986
4537,00;5,33116E+15;0.3388607346136471
4538,00;5,75244E+16;0.23519521223373863
4539,00;5,54903E+16;0.2852475859780007
4540,00;5,86495E+15;0.20750869978782993
4541,00;5,82974E+15;0.21617154794836946
4542,00;5,29867E+16;0.3468563146631194
4543,00;5,55485E+15;0.28381549177701426
4544,00;5,39446E+15;0.3232849086249219
4545,00;5,54317E+15;0.28668934024660775
4546,00;5,56495E+15;0.2813321861346533
4547,00;5,468E+15;0.3051884766026507
4548,00;5,48702E+16;0.3005078678124561
4549,00;5,85062E+15;0.21103333753551134
4550,00;5,15957E+14;0.3810861653843348
4551,00;5,29672E+15;0.34733608873637056
4552,00;5,31983E+15;0.3416486775305517
4553,00;4,93964E+15;0.4352040688836363
4554,00;4,69661E+15;0.49500908003008803
4555,00;4,83991E+16;0.4597458937294987
4556,00;4,84976E+15;0.4573216039227186
4557,00;4,87233E+15;0.4517696226836312
4558,00;5,45182E+16;0.30916883855574984
4559,00;5,59592E+15;0.2737102055686905
4560,00;5,62583E+16;0.2663506933892127
4561,00;5,74315E+15;0.23748121541385048
4562,00;5,5735E+15;0.2792263635847174
4563,00;5,71104E+13;0.24538212867096243
4564,00;5,21919E+14;0.3664146894869551
4565,00;5,37506E+15;0.32805897888941116
4566,00;5,85268E+16;0.21052624534062525
4567,00;5,8159E+15;0.21957886765713075
4568,00;5,93976E+16;0.1890983061045931
4569,00;5,65215E+15;0.2598732504174063
4570,00;5,79525E+15;0.22465858883690515
4571,00;5,75474E+15;0.23462751134252469
4572,00;5,66502E+16;0.25670668494649973
4573,00;5,68771E+15;0.25112246793932635
4574,00;5,67896E+15;0.2532768055718678
4575,00;5,59037E+16;0.27507595628516124
4576,00;5,39096E+16;0.32414502753166685
4577,00;5,43201E+15;0.3140452308960955
4578,00;5,30256E+15;0.3458999852829734
4579,00;4,79935E+15;0.46972775079315
4580,00;4,8595E+15;0.45492450298602016
4581,00;533677183338,00;0.3374802824960902
4582,00;5,21919E+14;0.3664146894869551
4583,00;5,24027E+15;0.36122658866092283
4584,00;5,22557E+15;0.3648449938648861
4585,00;4,47609E+15;0.5492732411544845
4586,00;5,53728E+15;0.2881408857906893
4587,00;5,33304E+15;0.33839959255798757
4588,00;4,7568E+15;0.4801987061557479
4589,00;5,02377E+15;0.41450345875618144
4590,00;5,22132E+14;0.36589017570253424
4591,00;5,19977E+15;0.3711941515842023
4592,00;4,81987E+15;0.46467855710142536
4593,00;4,75315E+15;0.48109488885185214
4594,00;5,35156E+15;0.33384207959293954
4595,00;5,05268E+16;0.4073889385321253
4596,00;5,14109E+15;0.3856339807808191
4597,00;5,2465E+15;0.35969440102524286
4598,00;5,09555E+15;0.3968394319033246
4599,00;5,36609E+16;0.33026476998195553
4600,00;5,62315E+15;0.26700936651414275
4601,00;5,6777E+16;0.2535863483629558
4602,00;5,39271E+15;0.32371453542261697
4603,00;5,59315E+15;0.27439199006986525
4604,00;5,35704E+15;0.3324935624390575
4605,00;5,41854E+15;0.3173590842514722
4606,00;4,77121E+16;0.47665108513026344
4607,00;5,37684E+15;0.32762053922820955
4608,00;5,59315E+15;0.27439199006986525
4609,00;5,49793E+16;0.297824110904396
4610,00;5,62047E+16;0.26767007572615875
4611,00;5,52386E+15;0.2914433606552923
4612,00;5,67518E+15;0.25420678206388403
4613,00;5,45019E+15;0.30957098215488554
4614,00;5,71948E+16;0.24330553382278963
4615,00;5,68021E+15;0.2529677104205471
4616,00;5,56638E+16;0.28097977177635014
4617,00;5,40314E+15;0.3211496335248317
4618,00;5,5735E+15;0.2792263635847174
4619,00;5,71587E+15;0.24419303375489776
4620,00;5,80943E+16;0.22116998612069472
4621,00;5,54023E+15;0.2874138808044435
4622,00;5,68021E+15;0.2529677104205471
4623,00;5,4253E+15;0.31569573531303596
4624,00;5,43866E+15;0.3124073741468347
4625,00;5,40658E+15;0.3203014607455871
4626,00;5,28691E+15;0.3497512473134201
4627,00;5,65215E+15;0.2598732504174063
4628,00;5,0604E+16;0.4054890214899718
4629,00;5,06805E+14;0.40360584402255273
4630,00;5,06551E+15;0.4042317281004977
4631,00;5,1317E+16;0.3879446979876551
4632,00;5,44362E+15;0.31118716573357696
4633,00;5,59315E+15;0.27439199006986525
4634,00;5,07059E+15;0.4029817873459758
4635,00;5,38569E+14;0.32544173075989746
4636,00;4,9771E+15;0.4259866858518039
4637,00;5,44691E+16;0.3103775463568693
4638,00;5,38745E+15;0.3250086216757545
4639,00;5,46318E+15;0.30637482151633644
4640,00;5,44032E+15;0.31199986351836007
4641,00;5,11019E+15;0.39323699955084024
4642,00;5,15268E+15;0.3827802767094932
4643,00;5,4712E+14;0.3044012224533822
4644,00;5,19977E+15;0.3711941515842023
4645,00;5,37862E+15;0.32718299708997134
4646,00;5,468E+15;0.3051884766026507
4647,00;5,45671E+15;0.3079669276479158
4648,00;5,41002E+15;0.319456640436667
4649,00;5,45182E+16;0.30916883855574984
4650,00;5,44691E+16;0.3103775463568693
4651,00;5,18657E+16;0.3744408863144746
4652,00;5,49015E+15;0.2997376354117709
4653,00;5,32552E+15;0.3402501604807726
4654,00;5,27698E+15;0.3521940083002568
4655,00;5,14574E+15;0.3844879230222127
4656,00;5,3274E+15;0.3397860142399862
4657,00;5,06296E+14;0.40485945031346837
4658,00;5,18213E+16;0.3755341841452474
4659,00;5,29084E+15;0.34878190660488806
4660,00;5,3274E+15;0.3397860142399862
4661,00;5,4696E+15;0.30479448707194157
4662,00;5,58618E+14;0.2761060270011737
4663,00;5,49947E+15;0.29744345317263643
4664,00;5,57208E+16;0.2795758963852445
4665,00;5,49482E+15;0.2985874662153898
4666,00;5,35339E+15;0.33339162787745236
4667,00;5,4253E+15;0.31569573531303596
4668,00;5,25268E+15;0.3581731187320426
4669,00;5,15038E+15;0.3833479776007074
4670,00;5,10777E+15;0.39383320428857194
4671,00;5,44855E+15;0.30997388380083957
4672,00;5,71466E+15;0.24448968787592484
4673,00;5,85782E+15;0.2092637534249855
4674,00;5,77636E+14;0.22930825065437765
4675,00;5,86292E+14;0.208008674892742
4676,00;5,68647E+15;0.25142890420670994
4677,00;5,63777E+14;0.26341152814608226
4678,00;5,67011E+16;0.2554530786555841
4679,00;5,73139E+15;0.240373536407821
4680,00;5,52985E+16;0.2899692909514433
4681,00;5,0103E+15;0.41781731211155837
4682,00;5,468E+15;0.3051884766026507
4683,00;5,61236E+15;0.2696645467445896
4684,00;5,47439E+15;0.30361685731666244
4685,00;5,24235E+14;0.36071463809307935
4686,00;5,42193E+16;0.3165257917344566
4687,00;5,51631E+15;0.2933003598245204
4688,00;5,47597E+15;0.30322575151697917
4689,00;5,49015E+15;0.2997376354117709
4690,00;5,60143E+16;0.2723531263437876
4691,00;5,44691E+16;0.3103775463568693
4692,00;5,54023E+15;0.2874138808044435
4693,00;5,45345E+15;0.3087674501563057
4694,00;5,35704E+15;0.3324935624390575
4695,00;5,47439E+15;0.30361685731666244
4696,00;5,45345E+15;0.3087674501563057
4697,00;5,68147E+16;0.2526590616161706
4698,00;5,83816E+16;0.21410141786888748
4699,00;5,76846E+15;0.23125261080639847
4700,00;5,66884E+15;0.25576579160074175
4701,00;5,79195E+16;0.22547180196711925
4702,00;5,76732E+16;0.23153182607783496
4703,00;5,42361E+16;0.3161103605834825
4704,00;5,26086E+15;0.35616144025971064
4705,00;5,49327E+15;0.2989701686630024
4706,00;5,69391E+15;0.24959684219090117
4707,00;5,70983E+16;0.2456804389216034
4708,00;5,59037E+16;0.27507595628516124
4709,00;5,58198E+15;0.2771410859725485
4710,00;5,62983E+15;0.2653664740297479
4711,00;5,25678E+15;0.3571649128065857
4712,00;5,35704E+15;0.3324935624390575
4713,00;5,11981E+15;0.3908686732713166
4714,00;5,33863E+15;0.337022105986475
4715,00;5,56495E+15;0.2813321861346533
4716,00;5,11981E+15;0.3908686732713166
4717,00;5,08316E+16;0.3998885458071395
4718,00;5,3122E+16;0.3435277160930226
4719,00;5,43033E+15;0.31445666366969927
4720,00;5,47756E+15;0.30283536006618617
4721,00;5,53283E+15;0.28923605091883275
4722,00;5,5563E+15;0.2834589624868591
4723,00;5,35521E+16;0.3329421234848835
4724,00;5,37327E+15;0.3284983197632947
4725,00;5,02109E+16;0.4151621318811115
4726,00;5,39446E+15;0.3232849086249219
4727,00;5,48388E+15;0.30128088586983837
4728,00;5,48073E+16;0.30205670980653765
4729,00;5,48702E+16;0.3005078678124561
4730,00;5,02377E+15;0.41450345875618144
4731,00;5,28295E+15;0.3507250041679847
4732,00;5,42023E+16;0.316942031904736
4733,00;5,48388E+15;0.30128088586983837
4734,00;5,71346E+15;0.24478675430302088
4735,00;5,56638E+16;0.28097977177635014
4736,00;5,47756E+15;0.30283536006618617
4737,00;5,43534E+15;0.3132247336893228
4738,00;5,60006E+15;0.2726915892171887
4739,00;5,71346E+15;0.24478675430302088
4740,00;5,33491E+15;0.3379394432739363
4741,00;5,61912E+15;0.2680011978061535
4742,00;5,59592E+15;0.2737102055686905
4743,00;5,60006E+15;0.2726915892171887
4744,00;5,70496E+15;0.24687786087628438
4745,00;5,51022E+15;0.29479766374027927
4746,00;5,06551E+15;0.4042317281004977
4747,00;5,13405E+16;0.387364672503104
4748,00;5,51479E+15;0.2936737036048398
4749,00;5,60418E+16;0.27167780426574994
4750,00;5,35339E+15;0.33339162787745236
4751,00;5,63116E+16;0.265039405473365
4752,00;5,36067E+16;0.33159925460762596
4753,00;5,59176E+15;0.27473369959091043
4754,00;5,40141E+16;0.32157498542618135
4755,00;5,24027E+15;0.36122658866092283
4756,00;5,45995E+15;0.30716939217075534
4757,00;5,51175E+15;0.2944223532665181
4758,00;5,45182E+16;0.30916883855574984
4759,00;5,17092E+15;0.3782921483449213
4760,00;5,43534E+15;0.3132247336893228
4761,00;5,39096E+16;0.32414502753166685
4762,00;4,40824E+15;0.565970077478527
4763,00;5,21061E+15;0.3685257116831726
4764,00;4,58893E+16;0.5215059177313932
4765,00;4,60639E+15;0.5172095065404094
4766,00;4,74214E+15;0.48380620546079334
4767,00;4,73098E+16;0.4865523579249561
4768,00;4,74214E+15;0.48380620546079334
4769,00;5,53134E+15;0.289602356509584
4770,00;5,67011E+16;0.2554530786555841
4771,00;5,64955E+16;0.26051223223826525
4772,00;5,57066E+15;0.27992600172132687
4773,00;5,47597E+15;0.30322575151697917
4774,00;5,65861E+14;0.2582841036181943
4775,00;5,46156E+16;0.3067717376190514
4776,00;5,67391E+15;0.2545176755876264
4777,00;5,43368E+16;0.313634588579796
4778,00;5,40658E+15;0.3203014607455871
4779,00;5,41344E+15;0.31861514620056486
4780,00;5,37506E+15;0.32805897888941116
4781,00;5,40486E+15;0.3207251264143086
4782,00;5,51022E+15;0.29479766374027927
4783,00;5,52235E+16;0.2918134720203073
4784,00;5,52985E+16;0.2899692909514433
4785,00;5,52084E+15;0.2921842253828075
4786,00;5,54317E+15;0.28668934024660775
4787,00;5,41002E+15;0.319456640436667
4788,00;5,5041E+16;0.29630553073393706
4789,00;5,61372E+15;0.26933083979173034
4790,00;5,46318E+15;0.30637482151633644
4791,00;5,4712E+14;0.3044012224533822
4792,00;5,45019E+15;0.30957098215488554
4793,00;5,5563E+15;0.2834589624868591
4794,00;5,5534E+15;0.2841726167721922
4795,00;5,45182E+16;0.30916883855574984
4796,00;5,15268E+15;0.3827802767094932
4797,00;5,11019E+15;0.39323699955084024
4798,00;5,08066E+15;0.40050362323847644
4799,00;5,15728E+15;0.38164937851625413
4800,00;5,20629E+15;0.36958909327899847
4801,00;5,75128E+15;0.23547962912186604
4802,00;5,43534E+15;0.3132247336893228
4803,00;5,64955E+16;0.26051223223826525
4804,00;5,49482E+15;0.2985874662153898
4805,00;5,28096E+15;0.35121355126043163
4806,00;5,50563E+15;0.2959275655428024
4807,00;5,07815E+15;0.40112047578751575
4808,00;5,51022E+15;0.29479766374027927
4809,00;5,19977E+15;0.3711941515842023
4810,00;5,2319E+16;0.3632867420550514
4811,00;4,81308E+14;0.4663484035626203
4812,00;4,7924E+15;0.4714376739918906
4813,00;4,86594E+16;0.45334124196961934
4814,00;4,81987E+15;0.46467855710142536
4815,00;5,01841E+15;0.4158228410931274
4816,00;5,25268E+15;0.3581731187320426
4817,00;4,88496E+15;0.44866063317942473
4818,00;5,34049E+16;0.3365649095343132
4819,00;5,04228E+16;0.4099487207427387
4820,00;5,10777E+15;0.39383320428857194
4821,00;4,54368E+15;0.5326406883891814
4822,00;4,56207E+16;0.5281169373093055
4823,00;4,58007E+15;0.5236869495122161
4824,00;4,93964E+15;0.4352040688836363
4825,00;4,89121E+16;0.44712293402997105
4826,00;5,05783E+16;0.4061204525544838
4827,00;5,45345E+15;0.3087674501563057
4828,00;5,45671E+15;0.3079669276479158
4829,00;5,62047E+16;0.26767007572615875
4830,00;5,75012E+13;0.2357644249799764
4831,00;5,58898E+16;0.2754187619077856
4832,00;5,56063E+15;0.2823929290556243
4833,00;5,77185E+15;0.2304171468375622
4834,00;5,93697E+15;0.18978667790696768
4835,00;5,79305E+16;0.22520038699745581
4836,00;5,82974E+15;0.21617154794836946
4837,00;5,76959E+16;0.23097375980808732
4838,00;5,68021E+15;0.2529677104205471
4839,00;5,33491E+15;0.3379394432739363
4840,00;5,67265E+15;0.25482902197900714
4841,00;5,61642E+15;0.2686649848610495
4842,00;5,49171E+16;0.29935355757277216
4843,00;5,21276E+16;0.36799599825246965
4844,00;5,39096E+16;0.32414502753166685
4845,00;5,44527E+16;0.3107819727024861
4846,00;5,27097E+15;0.35367317863195946
4847,00;5,44527E+16;0.3107819727024861
4848,00;5,48702E+16;0.3005078678124561
4849,00;5,40658E+15;0.3203014607455871
4850,00;5,42023E+16;0.316942031904736
4851,00;5,28691E+15;0.3497512473134201
4852,00;5,41514E+15;0.31819563819565166
4853,00;5,40658E+15;0.3203014607455871
4854,00;5,06296E+14;0.40485945031346837
4855,00;5,27698E+15;0.3521940083002568
4856,00;5,44032E+15;0.31199986351836007
4857,00;5,38569E+14;0.32544173075989746
4858,00;5,07815E+15;0.40112047578751575
4859,00;4,95713E+15;0.43090044846235354
4860,00;5,22979E+16;0.3638048980903652
4861,00;5,20195E+15;0.3706577918049019
4862,00;5,31983E+15;0.3416486775305517
4863,00;5,52835E+15;0.29033685640727114
4864,00;5,44691E+16;0.3103775463568693
4865,00;5,63513E+15;0.2640611920501681
4866,00;5,70861E+16;0.24597916609795722
4867,00;5,66757E+15;0.25607896273352904
4868,00;5,76048E+16;0.23321482107170033
4869,00;5,31793E+14;0.3421168907734008
4870,00;5,48073E+16;0.30205670980653765
4871,00;5,36429E+15;0.33070867306963025
4872,00;5,09061E+15;0.39805386278346533
4873,00;5,39968E+15;0.3220011854874172
4874,00;5,67896E+15;0.2532768055718678
4875,00;5,71587E+15;0.24419303375489776
4876,00;5,60828E+15;0.2706688050990117
4877,00;5,70618E+16;0.2465778759008811
4878,00;5,43866E+15;0.3124073741468347
4879,00;5,4253E+15;0.31569573531303596
4880,00;5,37862E+15;0.32718299708997134
4881,00;5,10777E+15;0.39383320428857194
4882,00;5,56923E+14;0.28027668147167206
4883,00;5,6902E+15;0.25051091026920813
4884,00;5,78974E+15;0.22601566806180762
4885,00;5,49015E+15;0.2997376354117709
4886,00;5,57066E+15;0.27992600172132687
4887,00;5,64303E+16;0.26211809448707135
4888,00;5,61372E+15;0.26933083979173034
4889,00;5,35521E+16;0.3329421234848835
4890,00;5,52536E+15;0.29107388906823706
4891,00;5,15268E+15;0.3827802767094932
4892,00;5,09555E+15;0.3968394319033246
4893,00;5,46156E+16;0.3067717376190514
4894,00;5,47914E+15;0.3024456803595448
4895,00;533677183338,00;0.3374802824960902
4896,00;5,14806E+15;0.38391719034694505
4897,00;5,07312E+16;0.40235954743085267
4898,00;5,53431E+15;0.2888703720274307
4899,00;5,30835E+15;0.34447346657363054
4900,00;5,48702E+16;0.3005078678124561
4901,00;5,56495E+15;0.2813321861346533
4902,00;5,11501E+16;0.39204955616399406
4903,00;5,25678E+15;0.3571649128065857
4904,00;5,49171E+16;0.29935355757277216
4905,00;5,30835E+15;0.34447346657363054
4906,00;5,52835E+15;0.29033685640727114
4907,00;5,56351E+15;0.28168518251528196
4908,00;5,61507E+16;0.26899765303698175
4909,00;5,33863E+15;0.337022105986475
4910,00;5,49327E+15;0.2989701686630024
4911,00;5,51175E+15;0.2944223532665181
4912,00;5,33116E+15;0.3388607346136471
4913,00;5,1364E+14;0.38678621677821057
4914,00;5,12933E+16;0.38852630177478964
4915,00;5,15268E+15;0.3827802767094932
4916,00;5,08814E+15;0.3986636756361769
4917,00;5,24027E+15;0.36122658866092283
4918,00;5,34604E+15;0.33519915881784246
4919,00;4,84321E+15;0.4589347380694546
4920,00;4,83328E+15;0.46137749905629144
4921,00;5,26491E+15;0.35516265685399173
4922,00;5,02377E+15;0.41450345875618144
4923,00;5,10777E+15;0.39383320428857194
4924,00;5,12696E+15;0.3891094924773615
4925,00;5,07815E+15;0.40112047578751575
4926,00;5,19977E+15;0.3711941515842023
4927,00;4,95134E+15;0.43232538213916094
4928,00;5,04228E+16;0.4099487207427387
4929,00;5,11019E+15;0.39323699955084024
4930,00;5,02644E+15;0.41384680920778805
4931,00;4,97992E+16;0.42529385133951714
4932,00;4,98272E+16;0.42460325539175303
4933,00;5,07815E+15;0.40112047578751575
4934,00;5,49482E+15;0.2985874662153898
4935,00;5,43201E+15;0.3140452308960955
4936,00;5,3442E+15;0.3356534400938246
4937,00;5,22979E+16;0.3638048980903652
4938,00;5,63381E+15;0.26438676600479993
4939,00;5,33116E+15;0.3388607346136471
4940,00;5,52235E+16;0.2918134720203073
4941,00;5,28493E+15;0.35023757120898447
4942,00;5,36609E+16;0.33026476998195553
4943,00;4,9218E+15;0.43959612602226095
4944,00;5,14806E+15;0.38391719034694505
4945,00;4,56207E+16;0.5281169373093055
4946,00;5,19977E+15;0.3711941515842023
4947,00;5,47439E+15;0.30361685731666244
4948,00;4,99662E+15;0.4211833542743948
4949,00;5,67518E+15;0.25420678206388403
4950,00;5,39271E+15;0.32371453542261697
4951,00;5,2319E+16;0.3632867420550514
4952,00;5,65989E+15;0.25796768718751506
4953,00;5,52686E+16;0.2907050550511049
4954,00;5,12933E+16;0.38852630177478964
4955,00;4,97144E+16;0.42737912895168617
4956,00;5,36248E+16;0.33115349999374155
4957,00;5,66502E+16;0.25670668494649973
4958,00;5,4823E+14;0.301668445830764
4959,00;5,47914E+15;0.3024456803595448
4960,00;5,24235E+14;0.36071463809307935
4961,00;4,70822E+15;0.4921528336077885
4962,00;4,74582E+15;0.48289860639051885
4963,00;5,65215E+15;0.2598732504174063
4964,00;5,75589E+16;0.23434422533698784
4965,00;5,76959E+16;0.23097375980808732
4966,00;5,71707E+15;0.2438967907970253
4967,00;5,69391E+15;0.24959684219090117
4968,00;5,45671E+15;0.3079669276479158
4969,00;5,36609E+16;0.33026476998195553
4970,00;5,52235E+16;0.2918134720203073
4971,00;5,53728E+15;0.2881408857906893
4972,00;5,50563E+15;0.2959275655428024
4973,00;5,25062E+15;0.3586790107075938
4974,00;5,21919E+14;0.3664146894869551
4975,00;5,2361E+15;0.3622541832358561
4976,00;5,30062E+15;0.346377615112768
4977,00;5,70861E+16;0.24597916609795722
4978,00;5,56063E+15;0.2823929290556243
4979,00;5,51631E+15;0.2933003598245204
4980,00;5,07815E+15;0.40112047578751575
4981,00;5,1029E+15;0.39503062624325314
4982,00;5,14574E+15;0.3844879230222127
4983,00;5,35156E+15;0.33384207959293954
4984,00;5,55919E+16;0.2827476830953852
4985,00;5,46639E+15;0.3055831937229341
4986,00;5,58057E+15;0.2774872225014572
4987,00;5,40141E+16;0.32157498542618135
4988,00;5,62047E+16;0.26767007572615875
4989,00;5,50563E+15;0.2959275655428024
4990,00;5,611E+13;0.269998775522451
4991,00;5,43866E+15;0.3124073741468347
4992,00;5,15957E+14;0.3810861653843348
4993,00;5,34788E+15;0.3347458410235502
4994,00;5,45671E+15;0.3079669276479158
4995,00;5,15728E+15;0.38164937851625413
4996,00;5,36609E+16;0.33026476998195553
4997,00;5,38745E+15;0.3250086216757545
4998,00;5,09555E+15;0.3968394319033246
4999,00;5,19099E+15;0.37335315236442446
5000,00;5,14109E+15;0.3856339807808191
5001,00;5,03175E+16;0.4125395313717686
5002,00;5,34235E+15;0.33610868895579005
5003,00;5,2361E+15;0.3622541832358561
5004,00;5,437E+15;0.3128156632106023
5005,00;5,48545E+15;0.3008940273752888
5006,00;5,59176E+15;0.27473369959091043
5007,00;5,47756E+15;0.30283536006618617
5008,00;5,41514E+15;0.31819563819565166
5009,00;5,50563E+15;0.2959275655428024
5010,00;5,5735E+15;0.2792263635847174
5011,00;5,36789E+16;0.32982178690133956
5012,00;5,40658E+15;0.3203014607455871
5013,00;5,68647E+15;0.25142890420670994
5014,00;5,61507E+16;0.26899765303698175
5015,00;5,57634E+15;0.2785290081214521
5016,00;5,52084E+15;0.2921842253828075
5017,00;5,71948E+16;0.24330553382278963
5018,00;5,36248E+16;0.33115349999374155
5019,00;5,28493E+15;0.35023757120898447
5020,00;5,2361E+15;0.3622541832358561
5021,00;5,25678E+15;0.3571649128065857
5022,00;5,22345E+15;0.36536694591886965
5023,00;5,26491E+15;0.35516265685399173
5024,00;5,52985E+16;0.2899692909514433
5025,00;5,66757E+15;0.25607896273352904
5026,00;5,55195E+15;0.2845303394663856
5027,00;5,4696E+15;0.30479448707194157
5028,00;5,40658E+15;0.3203014607455871
5029,00;5,28096E+15;0.35121355126043163
5030,00;5,41514E+15;0.31819563819565166
5031,00;5,63645E+16;0.2637361132652397
5032,00;5,48859E+15;0.30012240466039386
5033,00;5,5563E+15;0.2834589624868591
5034,00;5,47279E+15;0.30400868008429904
5035,00;5,31411E+16;0.34305640551640715
5036,00;5,58338E+16;0.27679550908257267
5037,00;5,66629E+14;0.25639259339859044
5038,00;5,54317E+15;0.28668934024660775
5039,00;5,60281E+16;0.2720151985897771
5040,00;5,64303E+16;0.26211809448707135
5041,00;5,34049E+16;0.3365649095343132
5042,00;5,38216E+15;0.32631059073639535
5043,00;5,30256E+15;0.3458999852829734
5044,00;5,45019E+15;0.30957098215488554
5045,00;5,47914E+15;0.3024456803595448
5046,00;5,45345E+15;0.3087674501563057
5047,00;5,26491E+15;0.35516265685399173
5048,00;5,07059E+15;0.4029817873459758
5049,00;5,04489E+14;0.4093058954164285
5050,00;5,07312E+16;0.40235954743085267
5051,00;5,19099E+15;0.37335315236442446
5052,00;5,46156E+16;0.3067717376190514
5053,00;5,35339E+15;0.33339162787745236
5054,00;4,95424E+15;0.4316117278538276
5055,00;5,2465E+15;0.35969440102524286
5056,00;5,3442E+15;0.3356534400938246
5057,00;5,10046E+15;0.3956318622512017
5058,00;5,04749E+15;0.4086649976052339
5059,00;5,26694E+16;0.3546650099239699
5060,00;5,19977E+15;0.3711941515842023
5061,00;5,38569E+14;0.32544173075989746
5062,00;5,47756E+15;0.30283536006618617
5063,00;5,45995E+15;0.30716939217075534
5064,00;5,45182E+16;0.30916883855574984
5065,00;5,56495E+15;0.2813321861346533
5066,00;5,29477E+16;0.34781694216727654
5067,00;5,09309E+16;0.3974457848203027
5068,00;5,19977E+15;0.3711941515842023
5069,00;5,5735E+15;0.2792263635847174
5070,00;5,49947E+15;0.29744345317263643
5071,00;5,40314E+15;0.3211496335248317
5072,00;5,36969E+15;0.32937972002216465
5073,00;5,5563E+15;0.2834589624868591
5074,00;5,37506E+15;0.32805897888941116
5075,00;5,19539E+15;0.372270925951638
5076,00;5,26694E+16;0.3546650099239699
5077,00;4,82995E+15;0.4621979962630641
5078,00;5,09555E+15;0.3968394319033246
5079,00;5,07815E+15;0.40112047578751575
5080,00;4,95424E+15;0.4316117278538276
5081,00;5,1317E+16;0.3879446979876551
5082,00;5,04489E+14;0.4093058954164285
5083,00;5,18879E+15;0.37389632739598666
5084,00;5,36248E+16;0.33115349999374155
5085,00;5,21276E+16;0.36799599825246965
5086,00;5,00485E+15;0.4191573745568742
5087,00;4,62773E+15;0.511957663457334
5088,00;4,90969E+16;0.44257511863348675
5089,00;5,26289E+16;0.35566146515479835
5090,00;4,99386E+16;0.42186297093565917
5091,00;4,82995E+15;0.4621979962630641
5092,00;5,59454E+15;0.27405082597526265
5093,00;5,45182E+16;0.30916883855574984
5094,00;4,79588E+15;0.47058100246476176
5095,00;4,98272E+16;0.42460325539175303
5096,00;5,47914E+15;0.3024456803595448
5097,00;5,2361E+15;0.3622541832358561
5098,00;5,24856E+15;0.3591861029024799
5099,00;5,50256E+15;0.29668416548289056
5100,00;5,66246E+15;0.25733625612300304
5101,00;5,48073E+16;0.30205670980653765
5102,00;4,86273E+15;0.45413140649204553
5103,00;5,45995E+15;0.30716939217075534
5104,00;5,00485E+15;0.4191573745568742
5105,00;4,8595E+15;0.45492450298602016
5106,00;4,9771E+15;0.4259866858518039
5107,00;4,90664E+15;0.4433263997580844
5108,00;4,86273E+15;0.45413140649204553
5109,00;4,97992E+16;0.42529385133951714
5110,00;4,71205E+15;0.4912091708833759
5111,00;4,88182E+16;0.449433651236807
5112,00;4,7495E+15;0.4819948449599083
5113,00;5,28493E+15;0.35023757120898447
5114,00;5,58618E+14;0.2761060270011737
5115,00;5,52386E+15;0.2914433606552923
5116,00;5,1364E+14;0.38678621677821057
5117,00;5,71587E+15;0.24419303375489776
5118,00;5,22345E+15;0.36536694591886965
5119,00;4,96289E+15;0.4294849515016219
5120,00;4,95134E+15;0.43232538213916094
5121,00;5,62181E+16;0.2673394658228264
5122,00;5,19977E+15;0.3711941515842023
5123,00;5,1222E+15;0.39028066943447914
5124,00;5,1364E+14;0.38678621677821057
5125,00;5,04228E+16;0.4099487207427387
5126,00;4,9771E+15;0.4259866858518039
5127,00;4,86273E+15;0.45413140649204553
5128,00;5,03966E+15;0.4105934852132411
5129,00;5,02377E+15;0.41450345875618144
5130,00;4,9686E+15;0.4280787670882955
5131,00;4,99386E+16;0.42186297093565917
5132,00;4,80624E+15;0.46803139855648557
5133,00;5,01571E+15;0.41648559901915627
5134,00;5,02109E+16;0.4151621318811115
5135,00;5,61912E+15;0.2680011978061535
5136,00;5,68895E+16;0.2508164703782735
5137,00;5,73493E+15;0.2395017231261508
5138,00;5,30062E+15;0.346377615112768
5139,00;5,57066E+15;0.27992600172132687
5140,00;5,50563E+15;0.2959275655428024
5141,00;5,59315E+15;0.27439199006986525
5142,00;5,73729E+15;0.23892248358495338
5143,00;5,67391E+15;0.2545176755876264
5144,00;5,52985E+16;0.2899692909514433
5145,00;5,35704E+15;0.3324935624390575
5146,00;5,70252E+16;0.24747909688423309
5147,00;5,63513E+15;0.2640611920501681
5148,00;5,63777E+14;0.26341152814608226
5149,00;5,69267E+16;0.24990109741649658
5150,00;5,45345E+15;0.3087674501563057
5151,00;5,73846E+16;0.23863345141124193
5152,00;5,54023E+15;0.2874138808044435
5153,00;5,20195E+15;0.3706577918049019
5154,00;5,468E+15;0.3051884766026507
5155,00;5,49327E+15;0.2989701686630024
5156,00;5,56207E+16;0.28203876284387064
5157,00;5,49947E+15;0.29744345317263643
5158,00;5,19758E+15;0.37173186069770203
5159,00;4,91273E+16;0.44182646897180844
5160,00;5,42361E+16;0.3161103605834825
5161,00;5,53875E+15;0.2877770741966579
5162,00;5,60828E+15;0.2706688050990117
5163,00;5,77185E+15;0.2304171468375622
5164,00;5,77072E+16;0.23069527213365548
5165,00;5,66884E+15;0.25576579160074175
5166,00;5,50563E+15;0.2959275655428024
5167,00;5,66757E+15;0.25607896273352904
5168,00;5,74664E+15;0.23662109650710517
5169,00;5,66884E+15;0.25576579160074175
5170,00;5,64434E+15;0.26179595537576994
5171,00;5,64172E+13;0.2624407198462724
5172,00;5,5358E+15;0.28850531769464394
5173,00;5,59868E+16;0.27303058890742604
5174,00;5,44197E+15;0.31159312836253006
5175,00;5,43368E+16;0.313634588579796
5176,00;5,4253E+15;0.31569573531303596
5177,00;5,41344E+15;0.31861514620056486
5178,00;5,67644E+15;0.25389634009225936
5179,00;5,46156E+16;0.3067717376190514
5180,00;5,49793E+16;0.297824110904396
5181,00;5,76505E+15;0.23209135325571428
5182,00;5,49482E+15;0.2985874662153898
5183,00;5,51934E+15;0.2925556229738898
5184,00;5,62583E+16;0.2663506933892127
5185,00;5,75244E+16;0.23519521223373863
5186,00;5,28691E+15;0.3497512473134201
5187,00;5,65861E+14;0.2582841036181943
5188,00;5,73846E+16;0.23863345141124193
5189,00;5,08066E+15;0.40050362323847644
5190,00;5,43368E+16;0.313634588579796
5191,00;4,79935E+15;0.46972775079315
5192,00;4,21442E+15;0.6136646149854095
5193,00;5,17542E+16;0.3771846885621879
5194,00;5,37862E+15;0.32718299708997134
5195,00;5,41514E+15;0.31819563819565166
5196,00;5,62449E+15;0.26667977622541217
5197,00;5,45019E+15;0.30957098215488554
5198,00;5,67138E+16;0.2551408225593037
5199,00;5,68397E+16;0.2520430979048883
5200,00;5,67138E+16;0.2551408225593037
5201,00;5,78752E+15;0.22656092157150598
5202,00;5,52686E+16;0.2907050550511049
5203,00;5,74664E+15;0.23662109650710517
5204,00;5,6404E+14;0.26276383292351146
5205,00;5,68771E+15;0.25112246793932635
5206,00;5,48073E+16;0.30205670980653765
5207,00;5,54903E+16;0.2852475859780007
5208,00;5,67391E+15;0.2545176755876264
5209,00;5,60828E+15;0.2706688050990117
5210,00;5,47279E+15;0.30400868008429904
5211,00;5,39968E+15;0.3220011854874172
5212,00;5,45182E+16;0.30916883855574984
5213,00;5,44362E+15;0.31118716573357696
5214,00;5,41173E+15;0.31903547919716924
5215,00;5,35521E+16;0.3329421234848835
5216,00;5,37327E+15;0.3284983197632947
5217,00;5,33491E+15;0.3379394432739363
5218,00;5,42193E+16;0.3165257917344566
5219,00;5,63116E+16;0.265039405473365
5220,00;5,49638E+15;0.2982054477760908
5221,00;5,41173E+15;0.31903547919716924
5222,00;5,57916E+16;0.27783392048483524
5223,00;5,50717E+15;0.29555026754564395
5224,00;5,6404E+14;0.26276383292351146
5225,00;5,52386E+15;0.2914433606552923
5226,00;5,54317E+15;0.28668934024660775
5227,00;5,4823E+14;0.301668445830764
5228,00;5,2361E+15;0.3622541832358561
5229,00;5,15498E+15;0.38221407966346055
5230,00;5,39446E+15;0.3232849086249219
5231,00;5,35521E+16;0.3329421234848835
5232,00;5,30643E+15;0.344947915736011
5233,00;5,15498E+15;0.38221407966346055
5234,00;5,22979E+16;0.3638048980903652
5235,00;5,36789E+16;0.32982178690133956
5236,00;5,00485E+15;0.4191573745568742
5237,00;5,26895E+15;0.3541685189692746
5238,00;5,43368E+16;0.313634588579796
5239,00;5,437E+15;0.3128156632106023
5240,00;5,37148E+15;0.32893856556237755
5241,00;5,31411E+16;0.34305640551640715
5242,00;5,0103E+15;0.41781731211155837
5243,00;5,24027E+15;0.36122658866092283
5244,00;5,234E+15;0.3627698391189903
5245,00;5,33304E+15;0.33839959255798757
5246,00;5,60691E+16;0.27100460918990543
5247,00;5,54023E+15;0.2874138808044435
5248,00;5,47756E+15;0.30283536006618617
5249,00;5,43866E+15;0.3124073741468347
5250,00;5,57775E+16;0.2781811817470693
5251,00;4,98552E+15;0.4239148835893787
5252,00;4,90664E+15;0.4433263997580844
5253,00;4,84321E+15;0.4589347380694546
5254,00;4,87233E+15;0.4517696226836312
5255,00;5,17542E+16;0.3771846885621879
5256,00;5,41684E+15;0.31777695195033395
5257,00;5,30062E+15;0.346377615112768
5258,00;5,18435E+16;0.3749868361895652
5259,00;5,30449E+16;0.3454234204035155
5260,00;5,42361E+16;0.3161103605834825
5261,00;5,35156E+15;0.33384207959293954
5262,00;5,13875E+15;0.3862093223392232
5263,00;5,3274E+15;0.3397860142399862
5264,00;5,34235E+15;0.33610868895579005
5265,00;5,33491E+15;0.3379394432739363
5266,00;4,99109E+15;0.422544755436834
5267,00;5,2319E+16;0.3632867420550514
5268,00;5,38921E+15;0.32457638844475534
5269,00;5,42023E+16;0.316942031904736
5270,00;5,39446E+15;0.3232849086249219
5271,00;5,23819E+15;0.36173976840297795
5272,00;4,99662E+15;0.4211833542743948
5273,00;5,18879E+15;0.37389632739598666
5274,00;4,90664E+15;0.4433263997580844
5275,00;5,17766E+15;0.37663310306926
5276,00;5,45182E+16;0.30916883855574984
5277,00;533677183338,00;0.3374802824960902
5278,00;5,55919E+16;0.2827476830953852
5279,00;5,51631E+15;0.2933003598245204
5280,00;5,45019E+15;0.30957098215488554
5281,00;5,60143E+16;0.2723531263437876
5282,00;5,59868E+16;0.27303058890742604
5283,00;5,25062E+15;0.3586790107075938
5284,00;5,07564E+15;0.40173911372992455
5285,00;4,99386E+16;0.42186297093565917
5286,00;5,08814E+15;0.3986636756361769
5287,00;4,91576E+15;0.4410804324032698
5288,00;4,90969E+16;0.44257511863348675
5289,00;4,88182E+16;0.449433651236807
5290,00;4,9218E+15;0.43959612602226095
5291,00;4,97992E+16;0.42529385133951714
5292,00;5,20845E+14;0.369056741173441
5293,00;5,58898E+16;0.2754187619077856
5294,00;5,35521E+16;0.3329421234848835
5295,00;5,11261E+15;0.3926424532428936
5296,00;5,74431E+15;0.23719412435673348
5297,00;5,73729E+15;0.23892248358495338
5298,00;5,64303E+16;0.26211809448707135
5299,00;5,48545E+15;0.3008940273752888
5300,00;5,38745E+15;0.3250086216757545
5301,00;5,37506E+15;0.32805897888941116
5302,00;5,31983E+15;0.3416486775305517
5303,00;5,29867E+16;0.3468563146631194
5304,00;5,18657E+16;0.3744408863144746
5305,00;5,49015E+15;0.2997376354117709
5306,00;5,29084E+15;0.34878190660488806
5307,00;4,94258E+16;0.43448075428509314
5308,00;5,32552E+15;0.3402501604807726
5309,00;5,53431E+15;0.2888703720274307
5310,00;533677183338,00;0.3374802824960902
5311,00;5,49327E+15;0.2989701686630024
5312,00;5,49947E+15;0.29744345317263643
5313,00;5,4712E+14;0.3044012224533822
5314,00;5,30449E+16;0.3454234204035155
5315,00;5,27298E+15;0.35317898359124367
5316,00;5,59176E+15;0.27473369959091043
5317,00;5,27698E+15;0.3521940083002568
5318,00;5,28493E+15;0.35023757120898447
5319,00;5,47439E+15;0.30361685731666244
5320,00;5,20195E+15;0.3706577918049019
5321,00;5,40314E+15;0.3211496335248317
5322,00;5,54903E+16;0.2852475859780007
5323,00;5,47279E+15;0.30400868008429904
5324,00;5,42193E+16;0.3165257917344566
5325,00;5,62983E+15;0.2653664740297479
5326,00;5,47279E+15;0.30400868008429904
5327,00;5,42866E+15;0.3148688899496257
5328,00;5,35886E+16;0.33204594078877914
5329,00;5,50563E+15;0.2959275655428024
5330,00;5,29084E+15;0.34878190660488806
5331,00;5,05526E+16;0.4067537545285871
5332,00;4,74214E+15;0.48380620546079334
5333,00;4,96001E+15;0.4301915282108393
5334,00;4,7889E+15;0.4722977928986355
5335,00;4,73471E+16;0.48563304786305894
5336,00;4,59333E+15;0.5204236913186067
5337,00;4,5756E+15;0.5247858684362288
5338,00;4,51536E+16;0.539611064556727
5339,00;4,59333E+15;0.5204236913186067
5340,00;4,78539E+16;0.47316138704272315
5341,00;4,59771E+16;0.5193469169511709
5342,00;4,66488E+15;0.5028177752909385
5343,00;4,9005E+15;0.4448369308498593
5344,00;5,18435E+16;0.3749868361895652
5345,00;5,08565E+16;0.399275233306295
5346,00;4,73843E+15;0.4847176749012819
5347,00;4,71587E+15;0.4902696561403693
5348,00;5,06805E+14;0.40360584402255273
5349,00;5,48545E+15;0.3008940273752888
5350,00;5,71346E+15;0.24478675430302088
5351,00;5,611E+13;0.269998775522451
5352,00;5,6404E+14;0.26276383292351146
5353,00;5,80618E+16;0.22197000923770693
5354,00;5,49327E+15;0.2989701686630024
5355,00;5,66502E+16;0.25670668494649973
5356,00;5,5087E+16;0.29517363439111577
5357,00;5,41514E+15;0.31819563819565166
5358,00;5,5563E+15;0.2834589624868591
5359,00;5,40486E+15;0.3207251264143086
5360,00;5,52084E+15;0.2921842253828075
5361,00;5,38216E+15;0.32631059073639535
5362,00;5,73257E+14;0.2400825366897753
5363,00;5,30449E+16;0.3454234204035155
5364,00;5,45345E+15;0.3087674501563057
5365,00;5,36609E+16;0.33026476998195553
5366,00;5,64825E+15;0.2608324409272016
5367,00;5,5041E+16;0.29630553073393706
5368,00;5,22132E+14;0.36589017570253424
5369,00;5,42023E+16;0.316942031904736
5370,00;5,76391E+16;0.23237166707935253
5371,00;5,53728E+15;0.2881408857906893
5372,00;5,63777E+14;0.26341152814608226
5373,00;5,19319E+16;0.3728113542038738
5374,00;5,18213E+16;0.3755341841452474
5375,00;5,65989E+15;0.25796768718751506
5376,00;5,71466E+15;0.24448968787592484
5377,00;5,62047E+16;0.26767007572615875
5378,00;5,69761E+16;0.24868666653635585
5379,00;5,52536E+15;0.29107388906823706
5380,00;5,59868E+16;0.27303058890742604
5381,00;5,6902E+15;0.25051091026920813
5382,00;5,43368E+16;0.313634588579796
5383,00;5,68397E+16;0.2520430979048883
5384,00;5,05526E+16;0.4067537545285871
5385,00;5,30062E+15;0.346377615112768
5386,00;4,9771E+15;0.4259866858518039
5387,00;5,44362E+15;0.31118716573357696
5388,00;5,43368E+16;0.313634588579796
5389,00;5,31983E+15;0.3416486775305517
5390,00;5,51631E+15;0.2933003598245204
5391,00;5,30449E+16;0.3454234204035155
5392,00;5,28888E+16;0.3492660274458098
5393,00;5,22768E+15;0.3643243133153382
5394,00;4,92779E+15;0.43812205631841195
5395,00;5,22979E+16;0.3638048980903652
5396,00;5,03966E+15;0.4105934852132411
5397,00;5,08066E+15;0.40050362323847644
5398,00;5,39446E+15;0.3232849086249219
5399,00;5,34049E+16;0.3365649095343132
5400,00;5,33116E+15;0.3388607346136471
5401,00;5,30835E+15;0.34447346657363054
5402,00;5,44362E+15;0.31118716573357696
5403,00;5,33116E+15;0.3388607346136471
5404,00;5,27097E+15;0.35367317863195946
5405,00;5,15498E+15;0.38221407966346055
5406,00;5,16866E+15;0.3788480375006241
5407,00;5,20845E+14;0.369056741173441
5408,00;5,31411E+16;0.34305640551640715
5409,00;5,32363E+15;0.3407153168338698
5410,00;5,2319E+16;0.3632867420550514
5411,00;4,93077E+16;0.4373888162858014
5412,00;4,9686E+15;0.4280787670882955
5413,00;5,06296E+14;0.40485945031346837
5414,00;5,10777E+15;0.39383320428857194
5415,00;5,15038E+15;0.3833479776007074
5416,00;5,36789E+16;0.32982178690133956
5417,00;5,39968E+15;0.3220011854874172
5418,00;5,2361E+15;0.3622541832358561
5419,00;5,36969E+15;0.32937972002216465
5420,00;5,0291E+15;0.41319217084033366
5421,00;5,0103E+15;0.41781731211155837
5422,00;4,87233E+15;0.4517696226836312
5423,00;5,08565E+16;0.399275233306295
5424,00;5,1664E+15;0.3794053761733671
5425,00;5,34235E+15;0.33610868895579005
5426,00;5,468E+15;0.3051884766026507
5427,00;5,62047E+16;0.26767007572615875
5428,00;5,59868E+16;0.27303058890742604
5429,00;5,24443E+14;0.36020391082524916
5430,00;5,15268E+15;0.3827802767094932
5431,00;5,52835E+15;0.29033685640727114
5432,00;5,52386E+15;0.2914433606552923
5433,00;5,56781E+14;0.28062793752424864
5434,00;5,66246E+15;0.25733625612300304
5435,00;5,66374E+16;0.25702123873379257
5436,00;5,44197E+15;0.31159312836253006
5437,00;5,51327E+15;0.2940477006554494
5438,00;5,51631E+15;0.2933003598245204
5439,00;5,49327E+15;0.2989701686630024
5440,00;5,41684E+15;0.31777695195033395
5441,00;5,52835E+15;0.29033685640727114
5442,00;5,18657E+16;0.3744408863144746
5443,00;5,39446E+15;0.3232849086249219
5444,00;5,32552E+15;0.3402501604807726
5445,00;5,53431E+15;0.2888703720274307
5446,00;5,45345E+15;0.3087674501563057
5447,00;5,53728E+15;0.2881408857906893
5448,00;5,611E+13;0.269998775522451
5449,00;5,54757E+16;0.2856071138338213
5450,00;5,53283E+15;0.28923605091883275
5451,00;5,59454E+15;0.27405082597526265
5452,00;5,3962E+14;0.3228561436669184
5453,00;5,47914E+15;0.3024456803595448
5454,00;5,31793E+14;0.3421168907734008
5455,00;5,42023E+16;0.316942031904736
5456,00;5,40141E+16;0.32157498542618135
5457,00;5,50717E+15;0.29555026754564395
5458,00;5,33116E+15;0.3388607346136471
5459,00;5,14342E+15;0.38506018376536855
5460,00;4,55292E+15;0.5303668450304293
5461,00;4,52964E+15;0.5360974633546238
5462,00;5,21919E+14;0.3664146894869551
5463,00;5,36067E+16;0.33159925460762596
5464,00;4,86273E+15;0.45413140649204553
5465,00;5,37684E+15;0.32762053922820955
5466,00;5,54757E+16;0.2856071138338213
5467,00;5,62181E+16;0.2673394658228264
5468,00;5,34604E+15;0.33519915881784246
5469,00;5,26289E+16;0.35566146515479835
5470,00;5,33863E+15;0.337022105986475
5471,00;5,18879E+15;0.37389632739598666
5472,00;4,67691E+16;0.49985598295815037
5473,00;5,16866E+15;0.3788480375006241
5474,00;533677183338,00;0.3374802824960902
5475,00;5,53283E+15;0.28923605091883275
5476,00;5,45019E+15;0.30957098215488554
5477,00;5,43033E+15;0.31445666366969927
5478,00;5,39271E+15;0.32371453542261697
5479,00;5,52835E+15;0.29033685640727114
5480,00;5,53134E+15;0.289602356509584
5481,00;5,26086E+15;0.35616144025971064
5482,00;5,48073E+16;0.30205670980653765
5483,00;4,76403E+15;0.4784175353489243
5484,00;4,86273E+15;0.45413140649204553
5485,00;4,79935E+15;0.46972775079315
5486,00;5,72426E+16;0.2421279040675105
5487,00;5,45182E+16;0.30916883855574984
5488,00;5,234E+15;0.3627698391189903
5489,00;5,43866E+15;0.3124073741468347
5490,00;5,97979E+15;0.17924889083147333
5491,00;5,74315E+15;0.23748121541385048
5492,00;5,59868E+16;0.27303058890742604
5493,00;5,85577E+15;0.2097678556866972
5494,00;5,6777E+16;0.2535863483629558
5495,00;5,37506E+15;0.32805897888941116
5496,00;5,19977E+15;0.3711941515842023
5497,00;5,09309E+16;0.3974457848203027
5498,00;4,94551E+15;0.43375987920078996
5499,00;5,29477E+16;0.34781694216727654
5500,00;5,29084E+15;0.34878190660488806
5501,00;5,5087E+16;0.29517363439111577
5502,00;5,40486E+15;0.3207251264143086
5503,00;5,56063E+15;0.2823929290556243
5504,00;5,29281E+16;0.3482988798232961
5505,00;5,28888E+16;0.3492660274458098
5506,00;5,56351E+15;0.28168518251528196
5507,00;5,54611E+15;0.2859672474655911
5508,00;4,97428E+15;0.42668177348842073
5509,00;5,31028E+15;0.34400006824081986
5510,00;5,11019E+15;0.39323699955084024
5511,00;4,99109E+15;0.422544755436834
5512,00;5,08814E+15;0.3986636756361769
5513,00;5,4712E+14;0.3044012224533822
5514,00;5,27698E+15;0.3521940083002568
5515,00;5,69515E+15;0.24929301945333415
5516,00;5,27698E+15;0.3521940083002568
5517,00;5,40314E+15;0.3211496335248317
5518,00;5,13875E+15;0.3862093223392232
5519,00;5,03966E+15;0.4105934852132411
5520,00;5,37327E+15;0.3284983197632947
5521,00;5,72307E+16;0.24242170378372085
5522,00;5,87202E+15;0.20576793993989173
5523,00;5,71104E+13;0.24538212867096243
5524,00;5,77411E+16;0.22986197961664012
5525,00;5,75244E+16;0.23519521223373863
5526,00;5,56495E+15;0.2813321861346533
5527,00;5,76048E+16;0.23321482107170033
5528,00;5,77298E+15;0.23013938297795267
5529,00;5,62181E+16;0.2673394658228264
5530,00;5,44691E+16;0.3103775463568693
5531,00;5,42023E+16;0.316942031904736
5532,00;5,4253E+15;0.31569573531303596
5533,00;5,38921E+15;0.32457638844475534
5534,00;5,39271E+15;0.32371453542261697
5535,00;5,45019E+15;0.30957098215488554
5536,00;5,38745E+15;0.3250086216757545
5537,00;5,36969E+15;0.32937972002216465
5538,00;5,40658E+15;0.3203014607455871
5539,00;5,43368E+16;0.313634588579796
5540,00;5,44855E+15;0.30997388380083957
5541,00;5,43368E+16;0.313634588579796
5542,00;5,44855E+15;0.30997388380083957
5543,00;5,4823E+14;0.301668445830764
5544,00;5,51479E+15;0.2936737036048398
5545,00;5,36789E+16;0.32982178690133956
5546,00;5,51934E+15;0.2925556229738898
5547,00;5,51479E+15;0.2936737036048398
5548,00;5,5358E+15;0.28850531769464394
5549,00;5,37684E+15;0.32762053922820955
5550,00;5,35886E+16;0.33204594078877914
5551,00;5,50563E+15;0.2959275655428024
5552,00;5,53728E+15;0.2881408857906893
5553,00;5,4712E+14;0.3044012224533822
5554,00;5,16866E+15;0.3788480375006241
5555,00;5,3962E+14;0.3228561436669184
5556,00;5,42023E+16;0.316942031904736
5557,00;5,32552E+15;0.3402501604807726
5558,00;4,7889E+15;0.4722977928986355
5559,00;4,60206E+16;0.5182755399716443
5560,00;4,58893E+16;0.5215059177313932
5561,00;4,70822E+15;0.4921528336077885
5562,00;4,88496E+15;0.44866063317942473
5563,00;4,78187E+16;0.4740284846209205
5564,00;4,81308E+14;0.4663484035626203
5565,00;4,79935E+15;0.46972775079315
5566,00;4,91878E+15;0.44033699074977606
5567,00;4,79935E+15;0.46972775079315
5568,00;4,79935E+15;0.46972775079315
5569,00;4,81648E+15;0.46551184961844083
5570,00;5,05009E+16;0.40802601578437503
5571,00;4,73843E+15;0.4847176749012819
5572,00;4,81648E+15;0.46551184961844083
5573,00;4,82324E+14;0.4638485006800047
5574,00;4,83328E+15;0.46137749905629144
5575,00;4,89432E+15;0.44635821314305935
5576,00;4,97144E+16;0.42737912895168617
5577,00;4,76042E+15;0.4793062653607103
5578,00;4,88496E+15;0.44866063317942473
5579,00;5,50717E+15;0.29555026754564395
5580,00;5,56351E+15;0.28168518251528196
5581,00;5,6902E+15;0.25051091026920813
5582,00;5,66374E+16;0.25702123873379257
5583,00;4,95424E+15;0.4316117278538276
5584,00;5,01301E+15;0.4171504184039505
5585,00;5,00212E+15;0.4198305696327186
5586,00;4,73843E+15;0.4847176749012819
5587,00;4,79935E+15;0.46972775079315
5588,00;5,0103E+15;0.41781731211155837
5589,00;5,09309E+16;0.3974457848203027
5590,00;4,99109E+15;0.422544755436834
5591,00;5,02644E+15;0.41384680920778805
5592,00;5,46639E+15;0.3055831937229341
5593,00;5,63909E+15;0.2630874351956034
5594,00;5,42866E+15;0.3148688899496257
5595,00;5,49171E+16;0.29935355757277216
5596,00;5,60143E+16;0.2723531263437876
5597,00;5,22132E+14;0.36589017570253424
5598,00;5,44855E+15;0.30997388380083957
5599,00;5,31793E+14;0.3421168907734008
5600,00;5,39096E+16;0.32414502753166685
5601,00;5,38569E+14;0.32544173075989746
5602,00;5,51175E+15;0.2944223532665181
5603,00;5,64172E+13;0.2624407198462724
5604,00;5,56495E+15;0.2813321861346533
5605,00;5,64564E+15;0.2614743010488674
5606,00;5,39446E+15;0.3232849086249219
5607,00;5,35339E+15;0.33339162787745236
5608,00;5,45671E+15;0.3079669276479158
5609,00;5,56063E+15;0.2823929290556243
5610,00;5,53875E+15;0.2877770741966579
5611,00;5,69267E+16;0.24990109741649658
5612,00;5,44032E+15;0.31199986351836007
5613,00;5,64564E+15;0.2614743010488674
5614,00;5,74315E+15;0.23748121541385048
5615,00;5,75474E+15;0.23462751134252469
5616,00;5,67518E+15;0.25420678206388403
5617,00;5,60006E+15;0.2726915892171887
5618,00;5,43534E+15;0.3132247336893228
5619,00;5,42698E+15;0.3152819128025691
5620,00;5,41854E+15;0.3173590842514722
5621,00;5,61236E+15;0.2696645467445896
5622,00;5,64955E+16;0.26051223223826525
5623,00;5,4823E+14;0.301668445830764
5624,00;5,64825E+15;0.2608324409272016
5625,00;5,52536E+15;0.29107388906823706
5626,00;5,57066E+15;0.27992600172132687
5627,00;5,43866E+15;0.3124073741468347
5628,00;5,46639E+15;0.3055831937229341
5629,00;5,64695E+15;0.26115313004945984
5630,00;5,59176E+15;0.27473369959091043
5631,00;5,48702E+16;0.3005078678124561
5632,00;5,51782E+15;0.29292766703630113
5633,00;5,54757E+16;0.2856071138338213
5634,00;5,43866E+15;0.3124073741468347
5635,00;5,44032E+15;0.31199986351836007
5636,00;5,46156E+16;0.3067717376190514
5637,00;5,52985E+16;0.2899692909514433
5638,00;5,29084E+15;0.34878190660488806
5639,00;5,03175E+16;0.4125395313717686
5640,00;4,9218E+15;0.43959612602226095
5641,00;4,78539E+16;0.47316138704272315
5642,00;4,68878E+16;0.4969346719718567
5643,00;4,86914E+16;0.45255398782035094
5644,00;5,30062E+15;0.346377615112768
5645,00;4,85302E+15;0.45651957949240507
5646,00;5,28493E+15;0.35023757120898447
5647,00;4,81987E+15;0.46467855710142536
5648,00;5,30835E+15;0.34447346657363054
5649,00;5,27097E+15;0.35367317863195946
5650,00;5,51631E+15;0.2933003598245204
5651,00;5,49793E+16;0.297824110904396
5652,00;5,52835E+15;0.29033685640727114
5653,00;5,22979E+16;0.3638048980903652
5654,00;5,40314E+15;0.3211496335248317
5655,00;5,41684E+15;0.31777695195033395
5656,00;5,51479E+15;0.2936737036048398
5657,00;5,35886E+16;0.33204594078877914
5658,00;5,77298E+15;0.23013938297795267
5659,00;5,58618E+14;0.2761060270011737
5660,00;5,34604E+15;0.33519915881784246
5661,00;5,22557E+15;0.3648449938648861
5662,00;5,2465E+15;0.35969440102524286
5663,00;5,50717E+15;0.29555026754564395
5664,00;5,7786E+16;0.22875595251790182
5665,00;5,63645E+16;0.2637361132652397
5666,00;5,58758E+15;0.2757621182224099
5667,00;5,45019E+15;0.30957098215488554
5668,00;5,27498E+15;0.35268592856316805
5669,00;5,19977E+15;0.3711941515842023
5670,00;5,36609E+16;0.33026476998195553
5671,00;5,16413E+15;0.3799641719423368
5672,00;5,17092E+15;0.3782921483449213
5673,00;5,16866E+15;0.3788480375006241
5674,00;5,15498E+15;0.38221407966346055
5675,00;5,4696E+15;0.30479448707194157
5676,00;5,3962E+14;0.3228561436669184
5677,00;5,36248E+16;0.33115349999374155
5678,00;5,30835E+15;0.34447346657363054
5679,00;5,38393E+16;0.3258757192539521
5680,00;5,45019E+15;0.30957098215488554
5681,00;5,14342E+15;0.38506018376536855
5682,00;5,41002E+15;0.319456640436667
5683,00;5,52235E+16;0.2918134720203073
5684,00;5,05268E+16;0.4073889385321253
5685,00;5,0103E+15;0.41781731211155837
5686,00;4,98272E+16;0.42460325539175303
5687,00;533677183338,00;0.3374802824960902
5688,00;5,36248E+16;0.33115349999374155
5689,00;5,33863E+15;0.337022105986475
5690,00;5,36609E+16;0.33026476998195553
5691,00;5,38393E+16;0.3258757192539521
5692,00;5,37506E+15;0.32805897888941116
5693,00;5,37148E+15;0.32893856556237755
5694,00;5,41514E+15;0.31819563819565166
5695,00;5,4253E+15;0.31569573531303596
5696,00;5,44855E+15;0.30997388380083957
5697,00;5,34604E+15;0.33519915881784246
5698,00;5,57066E+15;0.27992600172132687
5699,00;5,46479E+16;0.3059786411250768
5700,00;5,39271E+15;0.32371453542261697
5701,00;5,37862E+15;0.32718299708997134
5702,00;5,50102E+16;0.29706347216608986
5703,00;5,48859E+15;0.30012240466039386
5704,00;5,49327E+15;0.2989701686630024
5705,00;5,67391E+15;0.2545176755876264
5706,00;5,81697E+13;0.21931482900726007
5707,00;5,8308E+14;0.21591168255479165
5708,00;5,73964E+15;0.2383448095579379
5709,00;5,64303E+16;0.26211809448707135
5710,00;5,64172E+13;0.2624407198462724
5711,00;5,69884E+15;0.2483841339170021
5712,00;5,73493E+15;0.2395017231261508
5713,00;5,60828E+15;0.2706688050990117
5714,00;5,68272E+16;0.2523508578715078
5715,00;5,73021E+15;0.24066493285362145
5716,00;5,60691E+16;0.27100460918990543
5717,00;5,67391E+15;0.2545176755876264
5718,00;5,63909E+15;0.2630874351956034
5719,00;5,51782E+15;0.29292766703630113
5720,00;5,58478E+15;0.2764504900247843
5721,00;5,52985E+16;0.2899692909514433
5722,00;5,79855E+16;0.22384845801274666
5723,00;5,76163E+15;0.23293340001736618
5724,00;5,6285E+16;0.2656940438408193
5725,00;5,59868E+16;0.27303058890742604
5726,00;5,66374E+16;0.25702123873379257
5727,00;5,68021E+15;0.2529677104205471
5728,00;5,71466E+15;0.24448968787592484
5729,00;5,58618E+14;0.2761060270011737
5730,00;5,59315E+15;0.27439199006986525
5731,00;5,55919E+16;0.2827476830953852
5732,00;5,47597E+15;0.30322575151697917
5733,00;5,19539E+15;0.372270925951638
5734,00;5,04489E+14;0.4093058954164285
5735,00;5,34788E+15;0.3347458410235502
5736,00;5,234E+15;0.3627698391189903
5737,00;5,57208E+16;0.2795758963852445
5738,00;5,52835E+15;0.29033685640727114
5739,00;5,50563E+15;0.2959275655428024
5740,00;5,45995E+15;0.30716939217075534
5741,00;5,46156E+16;0.3067717376190514
5742,00;5,49638E+15;0.2982054477760908
5743,00;5,50256E+15;0.29668416548289056
5744,00;5,5417E+16;0.28705130351666763
5745,00;5,5087E+16;0.29517363439111577
5746,00;5,52084E+15;0.2921842253828075
5747,00;5,76048E+16;0.23321482107170033
5748,00;5,75589E+16;0.23434422533698784
5749,00;5,73611E+15;0.23921190713613527
5750,00;5,65603E+16;0.2589183452108478
5751,00;5,60006E+15;0.2726915892171887
5752,00;5,58898E+16;0.2754187619077856
5753,00;5,60828E+15;0.2706688050990117
5754,00;5,54757E+16;0.2856071138338213
5755,00;5,44527E+16;0.3107819727024861
5756,00;5,35156E+15;0.33384207959293954
5757,00;5,61507E+16;0.26899765303698175
5758,00;5,27298E+15;0.35317898359124367
5759,00;5,20412E+15;0.3701227746046757
5760,00;5,36248E+16;0.33115349999374155
5761,00;5,08565E+16;0.399275233306295
5762,00;4,99109E+15;0.422544755436834
5763,00;5,06805E+14;0.40360584402255273
5764,00;5,32363E+15;0.3407153168338698
5765,00;5,39446E+15;0.3232849086249219
5766,00;5,60964E+16;0.2703335277598493
5767,00;5,55775E+15;0.2831030269176945
5768,00;5,75128E+15;0.23547962912186604
5769,00;5,65603E+16;0.2589183452108478
5770,00;5,611E+13;0.269998775522451
5771,00;5,67138E+16;0.2551408225593037
5772,00;5,60006E+15;0.2726915892171887
5773,00;5,5735E+15;0.2792263635847174
5774,00;5,72426E+16;0.2421279040675105
5775,00;5,68647E+15;0.25142890420670994
5776,00;5,63116E+16;0.265039405473365
5777,00;5,73257E+14;0.2400825366897753
5778,00;5,68272E+16;0.2523508578715078
5779,00;5,64825E+15;0.2608324409272016
5780,00;5,67265E+15;0.25482902197900714
5781,00;5,50102E+16;0.29706347216608986
5782,00;5,67011E+16;0.2554530786555841
5783,00;5,62315E+15;0.26700936651414275
5784,00;5,71104E+13;0.24538212867096243
5785,00;5,66374E+16;0.25702123873379257
5786,00;5,70618E+16;0.2465778759008811
5787,00;5,65989E+15;0.25796768718751506
5788,00;5,69267E+16;0.24990109741649658
5789,00;5,67138E+16;0.2551408225593037
5790,00;5,69761E+16;0.24868666653635585
5791,00;5,68021E+15;0.2529677104205471
5792,00;5,61777E+15;0.26833283365218763
5793,00;5,68147E+16;0.2526590616161706
5794,00;5,63645E+16;0.2637361132652397
5795,00;5,69391E+15;0.24959684219090117
5796,00;5,60143E+16;0.2723531263437876
5797,00;5,37506E+15;0.32805897888941116
5798,00;5,54317E+15;0.28668934024660775
5799,00;5,5417E+16;0.28705130351666763
5800,00;5,57066E+15;0.27992600172132687
5801,00;5,68397E+16;0.2520430979048883
5802,00;5,52536E+15;0.29107388906823706
5803,00;5,61236E+15;0.2696645467445896
5804,00;5,70618E+16;0.2465778759008811
5805,00;5,72902E+15;0.24095672711039284
5806,00;5,74198E+15;0.23776869260565925
5807,00;5,5735E+15;0.2792263635847174
5808,00;5,72068E+15;0.24301051754422232
5809,00;5,70983E+16;0.2456804389216034
5810,00;5,4696E+15;0.30479448707194157
5811,00;5,59037E+16;0.27507595628516124
5812,00;5,56207E+16;0.28203876284387064
5813,00;5,51479E+15;0.2936737036048398
5814,00;5,47914E+15;0.3024456803595448
5815,00;5,59454E+15;0.27405082597526265
5816,00;5,5735E+15;0.2792263635847174
5817,00;5,53431E+15;0.2888703720274307
5818,00;5,55919E+16;0.2827476830953852
5819,00;5,49793E+16;0.297824110904396
5820,00;5,43866E+15;0.3124073741468347
5821,00;5,4253E+15;0.31569573531303596
5822,00;5,468E+15;0.3051884766026507
5823,00;5,45019E+15;0.30957098215488554
5824,00;5,44527E+16;0.3107819727024861
5825,00;5,40314E+15;0.3211496335248317
5826,00;5,09801E+16;0.39623479427270225
5827,00;4,90969E+16;0.44257511863348675
5828,00;5,06805E+14;0.40360584402255273
5829,00;5,48073E+16;0.30205670980653765
5830,00;5,51175E+15;0.2944223532665181
5831,00;5,49947E+15;0.29744345317263643
5832,00;5,50102E+16;0.29706347216608986
5833,00;5,52835E+15;0.29033685640727114
5834,00;5,64564E+15;0.2614743010488674
5835,00;5,65861E+14;0.2582841036181943
5836,00;5,611E+13;0.269998775522451
5837,00;5,71104E+13;0.24538212867096243
5838,00;5,58618E+14;0.2761060270011737
5839,00;5,59315E+15;0.27439199006986525
5840,00;5,5735E+15;0.2792263635847174
5841,00;5,74081E+16;0.2380565569722547
5842,00;5,71225E+15;0.2450842341838717
5843,00;5,60418E+16;0.27167780426574994
5844,00;5,70252E+16;0.24747909688423309
5845,00;5,57492E+14;0.2788774014502412
5846,00;5,56207E+16;0.28203876284387064
5847,00;5,53431E+15;0.2888703720274307
5848,00;5,49793E+16;0.297824110904396
5849,00;5,67138E+16;0.2551408225593037
5850,00;5,66884E+15;0.25576579160074175
5851,00;5,10046E+15;0.3956318622512017
5852,00;4,58007E+15;0.5236869495122161
5853,00;4,8028E+16;0.46887789178127726
5854,00;5,2361E+15;0.3622541832358561
5855,00;5,28096E+15;0.35121355126043163
5856,00;5,10046E+15;0.3956318622512017
5857,00;5,3274E+15;0.3397860142399862
5858,00;5,34604E+15;0.33519915881784246
5859,00;5,16413E+15;0.3799641719423368
5860,00;4,90357E+16;0.44408033090977106
5861,00;4,86914E+16;0.45255398782035094
5862,00;5,15038E+15;0.3833479776007074
5863,00;4,75315E+15;0.48109488885185214
5864,00;4,99662E+15;0.4211833542743948
5865,00;4,89121E+16;0.44712293402997105
5866,00;4,91273E+16;0.44182646897180844
5867,00;5,30643E+15;0.344947915736011
5868,00;5,30835E+15;0.34447346657363054
5869,00;5,34235E+15;0.33610868895579005
5870,00;5,34788E+15;0.3347458410235502
5871,00;5,44032E+15;0.31199986351836007
5872,00;5,34788E+15;0.3347458410235502
5873,00;4,97992E+16;0.42529385133951714
5874,00;5,5041E+16;0.29630553073393706
5875,00;5,14574E+15;0.3844879230222127
5876,00;4,95713E+15;0.43090044846235354
5877,00;5,25882E+16;0.3566625876402677
5878,00;5,45833E+16;0.30756778792428885
5879,00;5,40141E+16;0.32157498542618135
5880,00;5,20629E+15;0.36958909327899847
5881,00;5,38393E+16;0.3258757192539521
5882,00;5,31411E+16;0.34305640551640715
5883,00;5,36789E+16;0.32982178690133956
5884,00;5,35704E+15;0.3324935624390575
5885,00;5,14806E+15;0.38391719034694505
5886,00;5,33116E+15;0.3388607346136471
5887,00;5,36067E+16;0.33159925460762596
5888,00;5,32173E+15;0.3411814877054431
5889,00;5,39271E+15;0.32371453542261697
5890,00;5,44362E+15;0.31118716573357696
5891,00;5,51175E+15;0.2944223532665181
5892,00;5,45833E+16;0.30756778792428885
5893,00;5,234E+15;0.3627698391189903
5894,00;5,36609E+16;0.33026476998195553
5895,00;5,35521E+16;0.3329421234848835
5896,00;5,51327E+15;0.2940477006554494
5897,00;5,5041E+16;0.29630553073393706
5898,00;5,5041E+16;0.29630553073393706
5899,00;5,51022E+15;0.29479766374027927
5900,00;5,5087E+16;0.29517363439111577
5901,00;5,64825E+15;0.2608324409272016
5902,00;5,70129E+16;0.2477803502954694
5903,00;5,59315E+15;0.27439199006986525
5904,00;5,34235E+15;0.33610868895579005
5905,00;5,36429E+15;0.33070867306963025
5906,00;5,26289E+16;0.35566146515479835
5907,00;5,37506E+15;0.32805897888941116
5908,00;5,32552E+15;0.3402501604807726
5909,00;5,22768E+15;0.3643243133153382
5910,00;5,20412E+15;0.3701227746046757
5911,00;5,18435E+16;0.3749868361895652
5912,00;4,88182E+16;0.449433651236807
5913,00;5,00212E+15;0.4198305696327186
5914,00;5,21061E+15;0.3685257116831726
5915,00;5,58758E+15;0.2757621182224099
5916,00;5,63777E+14;0.26341152814608226
5917,00;5,18879E+15;0.37389632739598666
5918,00;5,18435E+16;0.3749868361895652
5919,00;5,05783E+16;0.4061204525544838
5920,00;5,01571E+15;0.41648559901915627
5921,00;4,76403E+15;0.4784175353489243
5922,00;4,71205E+15;0.4912091708833759
5923,00;5,2465E+15;0.35969440102524286
5924,00;5,18879E+15;0.37389632739598666
5925,00;5,60281E+16;0.2720151985897771
5926,00;5,57066E+15;0.27992600172132687
5927,00;5,56923E+14;0.28027668147167206
5928,00;5,52985E+16;0.2899692909514433
5929,00;5,56638E+16;0.28097977177635014
5930,00;5,54611E+15;0.2859672474655911
5931,00;5,5358E+15;0.28850531769464394
5932,00;5,47279E+15;0.30400868008429904
5933,00;5,38921E+15;0.32457638844475534
5934,00;5,36429E+15;0.33070867306963025
5935,00;5,32173E+15;0.3411814877054431
5936,00;5,08066E+15;0.40050362323847644
5937,00;5,20412E+15;0.3701227746046757
5938,00;5,55195E+15;0.2845303394663856
5939,00;5,67644E+15;0.25389634009225936
5940,00;5,46639E+15;0.3055831937229341
5941,00;5,4696E+15;0.30479448707194157
5942,00;5,35339E+15;0.33339162787745236
5943,00;5,40314E+15;0.3211496335248317
5944,00;5,66374E+16;0.25702123873379257
5945,00;5,67518E+15;0.25420678206388403
5946,00;5,43033E+15;0.31445666366969927
5947,00;5,49638E+15;0.2982054477760908
5948,00;5,57066E+15;0.27992600172132687
5949,00;4,81987E+15;0.46467855710142536
5950,00;4,86594E+16;0.45334124196961934
5951,00;4,86594E+16;0.45334124196961934
5952,00;5,45833E+16;0.30756778792428885
5953,00;5,56495E+15;0.2813321861346533
5954,00;4,96289E+15;0.4294849515016219
5955,00;5,09309E+16;0.3974457848203027
5956,00;5,26895E+15;0.3541685189692746
5957,00;5,18213E+16;0.3755341841452474
5958,00;4,80967E+15;0.467188244564138
5959,00;5,39794E+16;0.3224282370977931
5960,00;5,06805E+14;0.40360584402255273
5961,00;5,47597E+15;0.30322575151697917
5962,00;5,48073E+16;0.30205670980653765
5963,00;5,10534E+16;0.39443107673403544
5964,00;5,07312E+16;0.40235954743085267
5965,00;5,1664E+15;0.3794053761733671
5966,00;5,5087E+16;0.29517363439111577
5967,00;4,97144E+16;0.42737912895168617
5968,00;4,87233E+15;0.4517696226836312
5969,00;5,22768E+15;0.3643243133153382
5970,00;5,75819E+15;0.23377877722972118
5971,00;5,43534E+15;0.3132247336893228
5972,00;5,59037E+16;0.27507595628516124
5973,00;5,42698E+15;0.3152819128025691
5974,00;5,41854E+15;0.3173590842514722
5975,00;5,35156E+15;0.33384207959293954
5976,00;5,24856E+15;0.3591861029024799
5977,00;4,96001E+15;0.4301915282108393
5978,00;5,19977E+15;0.3711941515842023
5979,00;5,27698E+15;0.3521940083002568
5980,00;5,29867E+16;0.3468563146631194
5981,00;5,17317E+16;0.37773770118605343
5982,00;5,09061E+15;0.39805386278346533
5983,00;5,08814E+15;0.3986636756361769
5984,00;4,96001E+15;0.4301915282108393
5985,00;5,50102E+16;0.29706347216608986
5986,00;5,52536E+15;0.29107388906823706
5987,00;5,36969E+15;0.32937972002216465
5988,00;5,59454E+15;0.27405082597526265
5989,00;5,33304E+15;0.33839959255798757
5990,00;5,4696E+15;0.30479448707194157
5991,00;5,61236E+15;0.2696645467445896
5992,00;5,18435E+16;0.3749868361895652
5993,00;5,25882E+16;0.3566625876402677
5994,00;5,41173E+15;0.31903547919716924
5995,00;5,1317E+16;0.3879446979876551
5996,00;5,45833E+16;0.30756778792428885
5997,00;5,21919E+14;0.3664146894869551
5998,00;4,76042E+15;0.4793062653607103
5999,00;4,59771E+16;0.5193469169511709
6000,00;4,62351E+16;0.5129977592318548
6001,00;4,62773E+15;0.511957663457334
6002,00;5,49327E+15;0.2989701686630024
6003,00;5,64303E+16;0.26211809448707135
6004,00;5,01301E+15;0.4171504184039505
6005,00;4,71205E+15;0.4912091708833759
6006,00;4,64444E+15;0.5078471663922115
6007,00;4,61926E+15;0.5140429410695029
6008,00;4,70437E+16;0.49310068110297955
6009,00;5,10046E+15;0.3956318622512017
6010,00;5,39096E+16;0.32414502753166685
6011,00;5,11981E+15;0.3908686732713166
6012,00;5,42866E+15;0.3148688899496257
6013,00;5,22557E+15;0.3648449938648861
6014,00;5,05268E+16;0.4073889385321253
6015,00;5,6285E+16;0.2656940438408193
6016,00;5,38569E+14;0.32544173075989746
6017,00;5,60555E+15;0.2713409416902868
6018,00;5,00758E+15;0.41848629312681807
6019,00;5,10534E+16;0.39443107673403544
6020,00;4,98272E+16;0.42460325539175303
6021,00;4,93077E+16;0.4373888162858014
6022,00;5,14109E+15;0.3856339807808191
6023,00;5,10534E+16;0.39443107673403544
6024,00;4,98831E+15;0.4232287216521299
6025,00;4,93077E+16;0.4373888162858014
6026,00;5,05009E+16;0.40802601578437503
6027,00;5,03703E+15;0.41124020056257204
6028,00;4,96289E+15;0.4294849515016219
6029,00;5,00485E+15;0.4191573745568742
6030,00;5,05526E+16;0.4067537545285871
6031,00;4,80967E+15;0.467188244564138
6032,00;5,01571E+15;0.41648559901915627
6033,00;5,40658E+15;0.3203014607455871
6034,00;5,50256E+15;0.29668416548289056
6035,00;5,62583E+16;0.2663506933892127
6036,00;5,58478E+15;0.2764504900247843
6037,00;5,65603E+16;0.2589183452108478
6038,00;5,67644E+15;0.25389634009225936
6039,00;5,51022E+15;0.29479766374027927
6040,00;5,34049E+16;0.3365649095343132
6041,00;5,57208E+16;0.2795758963852445
6042,00;5,28493E+15;0.35023757120898447
6043,00;5,51327E+15;0.2940477006554494
6044,00;5,45671E+15;0.3079669276479158
6045,00;5,47597E+15;0.30322575151697917
6046,00;5,66246E+15;0.25733625612300304
6047,00;5,60691E+16;0.27100460918990543
6048,00;5,53431E+15;0.2888703720274307
6049,00;5,49482E+15;0.2985874662153898
6050,00;5,72187E+15;0.24271590790434794
6051,00;5,83816E+16;0.21410141786888748
6052,00;5,77185E+15;0.2304171468375622
6053,00;5,62449E+15;0.26667977622541217
6054,00;5,54023E+15;0.2874138808044435
6055,00;5,60418E+16;0.27167780426574994
6056,00;5,53134E+15;0.289602356509584
6057,00;5,59868E+16;0.27303058890742604
6058,00;5,52686E+16;0.2907050550511049
6059,00;5,22557E+15;0.3648449938648861
6060,00;5,18435E+16;0.3749868361895652
6061,00;5,22557E+15;0.3648449938648861
6062,00;5,23819E+15;0.36173976840297795
6063,00;5,11981E+15;0.3908686732713166
6064,00;5,33304E+15;0.33839959255798757
6065,00;5,62047E+16;0.26767007572615875
6066,00;5,51934E+15;0.2925556229738898
6067,00;5,53134E+15;0.289602356509584
6068,00;5,611E+13;0.269998775522451
6069,00;5,54903E+16;0.2852475859780007
6070,00;5,33863E+15;0.337022105986475
6071,00;5,4696E+15;0.30479448707194157
6072,00;5,18879E+15;0.37389632739598666
6073,00;4,99109E+15;0.422544755436834
6074,00;5,03439E+15;0.41188887863220836
6075,00;5,67518E+15;0.25420678206388403
6076,00;5,86088E+13;0.20850982227329895
6077,00;5,76959E+16;0.23097375980808732
6078,00;5,75359E+15;0.23491117330836464
6079,00;5,69761E+16;0.24868666653635585
6080,00;5,611E+13;0.269998775522451
6081,00;5,31028E+15;0.34400006824081986
6082,00;5,65345E+15;0.2595544744300714
6083,00;5,39271E+15;0.32371453542261697
6084,00;4,93077E+16;0.4373888162858014
6085,00;5,26694E+16;0.3546650099239699
6086,00;5,43201E+15;0.3140452308960955
6087,00;5,51479E+15;0.2936737036048398
6088,00;5,47914E+15;0.3024456803595448
6089,00;5,26289E+16;0.35566146515479835
6090,00;5,3274E+15;0.3397860142399862
6091,00;5,90558E+16;0.19750880465437537
6092,00;5,5563E+15;0.2834589624868591
6093,00;5,95545E+15;0.18523886251048371
6094,00;5,85986E+15;0.20876083728733874
6095,00;5,91521E+16;0.19513916552852018
6096,00;5,53134E+15;0.289602356509584
6097,00;5,42361E+16;0.3161103605834825
6098,00;5,3962E+14;0.3228561436669184
6099,00;5,26895E+15;0.3541685189692746
6100,00;5,07815E+15;0.40112047578751575
6101,00;4,90664E+15;0.4433263997580844
6102,00;4,97428E+15;0.42668177348842073
6103,00;5,30643E+15;0.344947915736011
6104,00;5,53283E+15;0.28923605091883275
6105,00;5,21705E+15;0.36694049358948855
6106,00;5,4696E+15;0.30479448707194157
6107,00;5,52985E+16;0.2899692909514433
6108,00;5,1222E+15;0.39028066943447914
6109,00;5,21919E+14;0.3664146894869551
6110,00;5,69761E+16;0.24868666653635585
6111,00;5,67265E+15;0.25482902197900714
6112,00;5,68272E+16;0.2523508578715078
6113,00;5,48388E+15;0.30128088586983837
6114,00;5,71466E+15;0.24448968787592484
6115,00;5,30643E+15;0.344947915736011
6116,00;5,58478E+15;0.2764504900247843
6117,00;5,52686E+16;0.2907050550511049
6118,00;5,22557E+15;0.3648449938648861
6119,00;5,32363E+15;0.3407153168338698
6120,00;5,41344E+15;0.31861514620056486
6121,00;5,24443E+14;0.36020391082524916
6122,00;5,46156E+16;0.3067717376190514
6123,00;5,19099E+15;0.37335315236442446
6124,00;5,16866E+15;0.3788480375006241
6125,00;5,24235E+14;0.36071463809307935
6126,00;5,52985E+16;0.2899692909514433
6127,00;5,26491E+15;0.35516265685399173
6128,00;5,6777E+16;0.2535863483629558
6129,00;5,42698E+15;0.3152819128025691
6130,00;5,87704E+15;0.20453316319619952
6131,00;5,80835E+15;0.22143632791202972
6132,00;5,57775E+16;0.2781811817470693
6133,00;5,63248E+15;0.2647128366399518
6134,00;5,53134E+15;0.289602356509584
6135,00;5,62315E+15;0.26700936651414275
6136,00;5,69761E+16;0.24868666653635585
6137,00;5,49482E+15;0.2985874662153898
6138,00;5,43534E+15;0.3132247336893228
6139,00;4,9218E+15;0.43959612602226095
6140,00;5,14109E+15;0.3856339807808191
6141,00;5,11019E+15;0.39323699955084024
6142,00;5,54757E+16;0.2856071138338213
6143,00;5,63777E+14;0.26341152814608226
6144,00;5,44691E+16;0.3103775463568693
6145,00;5,55195E+15;0.2845303394663856
6146,00;5,61912E+15;0.2680011978061535
6147,00;5,56781E+14;0.28062793752424864
6148,00;5,54903E+16;0.2852475859780007
6149,00;5,48545E+15;0.3008940273752888
6150,00;5,51175E+15;0.2944223532665181
6151,00;5,03439E+15;0.41188887863220836
6152,00;4,92779E+15;0.43812205631841195
6153,00;4,86594E+16;0.45334124196961934
6154,00;4,90357E+16;0.44408033090977106
6155,00;4,88182E+16;0.449433651236807
6156,00;4,84649E+16;0.4581266491678082
6157,00;4,81308E+14;0.4663484035626203
6158,00;4,94843E+14;0.4330414272305847
6159,00;4,87867E+15;0.45020947517350607
6160,00;4,68485E+16;0.49790401268038886
6161,00;4,73098E+16;0.4865523579249561
6162,00;4,8595E+15;0.45492450298602016
6163,00;4,92779E+15;0.43812205631841195
6164,00;5,00485E+15;0.4191573745568742
6165,00;4,65267E+15;0.5058211866746909
6166,00;5,11742E+15;0.3914582991897584
6167,00;5,5534E+15;0.2841726167721922
6168,00;5,71104E+13;0.24538212867096243
6169,00;5,60828E+15;0.2706688050990117
6170,00;5,41173E+15;0.31903547919716924
6171,00;5,41344E+15;0.31861514620056486
6172,00;5,42866E+15;0.3148688899496257
6173,00;5,32173E+15;0.3411814877054431
6174,00;5,34604E+15;0.33519915881784246
6175,00;5,31793E+14;0.3421168907734008
6176,00;5,01841E+15;0.4158228410931274
6177,00;5,24027E+15;0.36122658866092283
6178,00;5,02644E+15;0.41384680920778805
6179,00;5,41173E+15;0.31903547919716924
6180,00;5,39096E+16;0.32414502753166685
6181,00;5,03439E+15;0.41188887863220836
6182,00;5,26895E+15;0.3541685189692746
6183,00;5,42698E+15;0.3152819128025691
6184,00;5,45995E+15;0.30716939217075534
6185,00;4,70437E+16;0.49310068110297955
6186,00;4,80624E+15;0.46803139855648557
6187,00;5,34972E+15;0.3342934826327145
6188,00;5,42866E+15;0.3148688899496257
6189,00;5,58198E+15;0.2771410859725485
6190,00;5,23819E+15;0.36173976840297795
6191,00;4,98272E+16;0.42460325539175303
6192,00;4,8366E+14;0.46056013951380337
6193,00;5,08066E+15;0.40050362323847644
6194,00;5,05009E+16;0.40802601578437503
6195,00;4,98831E+15;0.4232287216521299
6196,00;4,90969E+16;0.44257511863348675
6197,00;4,83991E+16;0.4597458937294987
6198,00;4,93964E+15;0.4352040688836363
6199,00;4,89432E+15;0.44635821314305935
6200,00;4,90664E+15;0.4433263997580844
6201,00;4,84649E+16;0.4581266491678082
6202,00;5,05009E+16;0.40802601578437503
6203,00;5,51631E+15;0.2933003598245204
6204,00;5,41854E+15;0.3173590842514722
6205,00;5,21919E+14;0.3664146894869551
6206,00;5,43201E+15;0.3140452308960955
6207,00;5,73611E+15;0.23921190713613527
6208,00;5,70374E+16;0.24717826747512306
6209,00;5,3122E+16;0.3435277160930226
6210,00;5,59592E+15;0.2737102055686905
6211,00;5,49482E+15;0.2985874662153898
6212,00;5,39446E+15;0.3232849086249219
6213,00;5,53431E+15;0.2888703720274307
6214,00;5,468E+15;0.3051884766026507
6215,00;5,40314E+15;0.3211496335248317
6216,00;5,37327E+15;0.3284983197632947
6217,00;5,34604E+15;0.33519915881784246
6218,00;5,34235E+15;0.33610868895579005
6219,00;5,37684E+15;0.32762053922820955
6220,00;5,36067E+16;0.33159925460762596
6221,00;5,22768E+15;0.3643243133153382
6222,00;5,18435E+16;0.3749868361895652
6223,00;5,05009E+16;0.40802601578437503
6224,00;5,08814E+15;0.3986636756361769
6225,00;5,04228E+16;0.4099487207427387
6226,00;5,28493E+15;0.35023757120898447
6227,00;5,21705E+15;0.36694049358948855
6228,00;5,40658E+15;0.3203014607455871
6229,00;5,35339E+15;0.33339162787745236
6230,00;5,5735E+15;0.2792263635847174
6231,00;5,59868E+16;0.27303058890742604
6232,00;5,56207E+16;0.28203876284387064
6233,00;5,5563E+15;0.2834589624868591
6234,00;5,58338E+16;0.27679550908257267
6235,00;5,54317E+15;0.28668934024660775
6236,00;5,46479E+16;0.3059786411250768
6237,00;5,56781E+14;0.28062793752424864
6238,00;5,56495E+15;0.2813321861346533
6239,00;5,57066E+15;0.27992600172132687
6240,00;5,60143E+16;0.2723531263437876
6241,00;5,81804E+15;0.21905111613002004
6242,00;5,89683E+15;0.1996641768003078
6243,00;5,77748E+15;0.22903192319521926
6244,00;5,95727E+15;0.18478935811791486
6245,00;5,77185E+15;0.2304171468375622
6246,00;5,75819E+15;0.23377877722972118
6247,00;5,73139E+15;0.240373536407821
6248,00;5,60691E+16;0.27100460918990543
6249,00;5,44691E+16;0.3103775463568693
6250,00;5,40141E+16;0.32157498542618135
6251,00;5,53728E+15;0.2881408857906893
6252,00;5,60006E+15;0.2726915892171887
6253,00;5,68647E+15;0.25142890420670994
6254,00;5,73376E+15;0.23979193262068643
6255,00;5,59315E+15;0.27439199006986525
6256,00;5,42866E+15;0.3148688899496257
6257,00;5,3122E+16;0.3435277160930226
6258,00;5,51175E+15;0.2944223532665181
6259,00;5,50563E+15;0.2959275655428024
6260,00;5,60143E+16;0.2723531263437876
6261,00;5,45833E+16;0.30756778792428885
6262,00;5,55919E+16;0.2827476830953852
6263,00;5,52985E+16;0.2899692909514433
6264,00;5,56638E+16;0.28097977177635014
6265,00;5,5041E+16;0.29630553073393706
6266,00;5,4712E+14;0.3044012224533822
6267,00;5,51631E+15;0.2933003598245204
6268,00;5,23819E+15;0.36173976840297795
6269,00;5,45345E+15;0.3087674501563057
6270,00;5,28888E+16;0.3492660274458098
6271,00;533677183338,00;0.3374802824960902
6272,00;5,45671E+15;0.3079669276479158
6273,00;5,43534E+15;0.3132247336893228
6274,00;5,32173E+15;0.3411814877054431
6275,00;5,54757E+16;0.2856071138338213
6276,00;5,57208E+16;0.2795758963852445
6277,00;5,40314E+15;0.3211496335248317
6278,00;5,54611E+15;0.2859672474655911
6279,00;5,47756E+15;0.30283536006618617
6280,00;5,44855E+15;0.30997388380083957
6281,00;5,52985E+16;0.2899692909514433
6282,00;5,49947E+15;0.29744345317263643
6283,00;5,3962E+14;0.3228561436669184
6284,00;5,51631E+15;0.2933003598245204
6285,00;5,52985E+16;0.2899692909514433
6286,00;5,53875E+15;0.2877770741966579
6287,00;5,57208E+16;0.2795758963852445
6288,00;5,37327E+15;0.3284983197632947
6289,00;5,51782E+15;0.29292766703630113
6290,00;5,37684E+15;0.32762053922820955
6291,00;5,56063E+15;0.2823929290556243
6292,00;5,54903E+16;0.2852475859780007
6293,00;5,47756E+15;0.30283536006618617
6294,00;5,45508E+15;0.30836681412543676
6295,00;5,28888E+16;0.3492660274458098
6296,00;5,11501E+16;0.39204955616399406
6297,00;5,0604E+16;0.4054890214899718
6298,00;5,07815E+15;0.40112047578751575
6299,00;5,14109E+15;0.3856339807808191
6300,00;5,09309E+16;0.3974457848203027
6301,00;5,14806E+15;0.38391719034694505
6302,00;5,19319E+16;0.3728113542038738
6303,00;5,21061E+15;0.3685257116831726
6304,00;5,30835E+15;0.34447346657363054
6305,00;5,46318E+15;0.30637482151633644
6306,00;5,44197E+15;0.31159312836253006
6307,00;5,29867E+16;0.3468563146631194
6308,00;5,56923E+14;0.28027668147167206
6309,00;5,6285E+16;0.2656940438408193
6310,00;5,49793E+16;0.297824110904396
6311,00;5,74198E+15;0.23776869260565925
6312,00;5,66757E+15;0.25607896273352904
6313,00;5,611E+13;0.269998775522451
6314,00;5,58478E+15;0.2764504900247843
6315,00;5,61372E+15;0.26933083979173034
6316,00;5,54611E+15;0.2859672474655911
6317,00;5,47439E+15;0.30361685731666244
6318,00;5,49482E+15;0.2985874662153898
6319,00;5,5973E+15;0.2733701271200345
6320,00;5,5563E+15;0.2834589624868591
6321,00;5,63248E+15;0.2647128366399518
6322,00;5,4712E+14;0.3044012224533822
6323,00;5,48073E+16;0.30205670980653765
6324,00;5,50256E+15;0.29668416548289056
6325,00;5,46479E+16;0.3059786411250768
6326,00;5,49015E+15;0.2997376354117709
6327,00;5,43368E+16;0.313634588579796
6328,00;5,5041E+16;0.29630553073393706
6329,00;5,53875E+15;0.2877770741966579
6330,00;5,48388E+15;0.30128088586983837
6331,00;5,53728E+15;0.2881408857906893
6332,00;5,56781E+14;0.28062793752424864
6333,00;5,46479E+16;0.3059786411250768
6334,00;5,5358E+15;0.28850531769464394
6335,00;5,44527E+16;0.3107819727024861
6336,00;5,38216E+15;0.32631059073639535
6337,00;5,49327E+15;0.2989701686630024
6338,00;5,45345E+15;0.3087674501563057
6339,00;5,17317E+16;0.37773770118605343
6340,00;5,40141E+16;0.32157498542618135
6341,00;5,52985E+16;0.2899692909514433
6342,00;5,4823E+14;0.301668445830764
6343,00;5,1799E+16;0.3760829373603807
6344,00;5,49638E+15;0.2982054477760908
6345,00;5,31411E+16;0.34305640551640715
6346,00;5,5358E+15;0.28850531769464394
6347,00;5,50717E+15;0.29555026754564395
6348,00;5,49015E+15;0.2997376354117709
6349,00;5,55049E+15;0.28488866186361606
6350,00;5,57916E+16;0.27783392048483524
6351,00;5,52536E+15;0.29107388906823706
6352,00;5,36429E+15;0.33070867306963025
6353,00;5,54023E+15;0.2874138808044435
6354,00;5,57208E+16;0.2795758963852445
6355,00;5,42193E+16;0.3165257917344566
6356,00;5,29867E+16;0.3468563146631194
6357,00;5,30449E+16;0.3454234204035155
6358,00;5,42866E+15;0.3148688899496257
6359,00;5,52536E+15;0.29107388906823706
6360,00;5,45671E+15;0.3079669276479158
6361,00;5,51631E+15;0.2933003598245204
6362,00;5,57208E+16;0.2795758963852445
6363,00;5,46156E+16;0.3067717376190514
6364,00;5,5563E+15;0.2834589624868591
6365,00;5,3962E+14;0.3228561436669184
6366,00;5,468E+15;0.3051884766026507
6367,00;5,29867E+16;0.3468563146631194
6368,00;5,56495E+15;0.2813321861346533
6369,00;5,49947E+15;0.29744345317263643
6370,00;5,50256E+15;0.29668416548289056
6371,00;5,52084E+15;0.2921842253828075
6372,00;5,54023E+15;0.2874138808044435
6373,00;5,46479E+16;0.3059786411250768
6374,00;5,3122E+16;0.3435277160930226
6375,00;5,53283E+15;0.28923605091883275
6376,00;5,09061E+15;0.39805386278346533
6377,00;5,1364E+14;0.38678621677821057
6378,00;5,27897E+15;0.3517032175911817
6379,00;5,12696E+15;0.3891094924773615
6380,00;4,7889E+15;0.4722977928986355
6381,00;5,15728E+15;0.38164937851625413
6382,00;4,53903E+15;0.5337867461477874
6383,00;4,47106E+15;0.5505123127978214
6384,00;4,54832E+14;0.5315007429676759
6385,00;4,4609E+15;0.5530122156804369
6386,00;4,26708E+15;0.6007067531873196
6387,00;4,58893E+16;0.5215059177313932
6388,00;4,99386E+16;0.42186297093565917
6389,00;5,05009E+16;0.40802601578437503
6390,00;4,96575E+15;0.4287807028912174
6391,00;5,1222E+15;0.39028066943447914
6392,00;5,1317E+16;0.3879446979876551
6393,00;4,9771E+15;0.4259866858518039
6394,00;4,96001E+15;0.4301915282108393
6395,00;5,20845E+14;0.369056741173441
6396,00;5,2319E+16;0.3632867420550514
6397,00;4,86914E+16;0.45255398782035094
6398,00;4,88496E+15;0.44866063317942473
6399,00;5,40486E+15;0.3207251264143086
6400,00;5,39794E+16;0.3224282370977931
6401,00;5,04228E+16;0.4099487207427387
6402,00;5,32552E+15;0.3402501604807726
6403,00;5,42698E+15;0.3152819128025691
6404,00;5,51631E+15;0.2933003598245204
6405,00;5,53283E+15;0.28923605091883275
6406,00;5,6285E+16;0.2656940438408193
6407,00;5,74431E+15;0.23719412435673348
6408,00;5,67265E+15;0.25482902197900714
6409,00;5,60143E+16;0.2723531263437876
6410,00;5,28691E+15;0.3497512473134201
6411,00;5,34604E+15;0.33519915881784246
6412,00;5,56351E+15;0.28168518251528196
6413,00;5,52084E+15;0.2921842253828075
6414,00;5,05526E+16;0.4067537545285871
6415,00;4,87233E+15;0.4517696226836312
6416,00;4,81648E+15;0.46551184961844083
6417,00;4,98552E+15;0.4239148835893787
6418,00;5,10534E+16;0.39443107673403544
6419,00;5,27097E+15;0.35367317863195946
6420,00;5,23819E+15;0.36173976840297795
6421,00;5,02377E+15;0.41450345875618144
6422,00;4,99662E+15;0.4211833542743948
6423,00;4,7495E+15;0.4819948449599083
6424,00;5,00485E+15;0.4191573745568742
6425,00;4,76403E+15;0.4784175353489243
6426,00;4,99386E+16;0.42186297093565917
6427,00;5,12459E+15;0.38969427877891893
6428,00;5,49482E+15;0.2985874662153898
6429,00;5,60964E+16;0.2703335277598493
6430,00;5,21061E+15;0.3685257116831726
6431,00;5,04749E+15;0.4086649976052339
6432,00;5,11019E+15;0.39323699955084024
6433,00;5,42023E+16;0.316942031904736
6434,00;5,45182E+16;0.30916883855574984
6435,00;5,46156E+16;0.3067717376190514
6436,00;5,42023E+16;0.316942031904736
6437,00;5,55775E+15;0.2831030269176945
6438,00;5,57492E+14;0.2788774014502412
6439,00;5,40658E+15;0.3203014607455871
6440,00;5,47279E+15;0.30400868008429904
6441,00;5,45833E+16;0.30756778792428885
6442,00;5,5973E+15;0.2733701271200345
6443,00;5,4696E+15;0.30479448707194157
6444,00;5,33491E+15;0.3379394432739363
6445,00;5,41002E+15;0.319456640436667
6446,00;5,32928E+16;0.3393228737339872
6447,00;5,45345E+15;0.3087674501563057
6448,00;5,34049E+16;0.3365649095343132
6449,00;5,35156E+15;0.33384207959293954
6450,00;5,41514E+15;0.31819563819565166
6451,00;5,31983E+15;0.3416486775305517
6452,00;5,4823E+14;0.301668445830764
6453,00;5,37327E+15;0.3284983197632947
6454,00;5,3122E+16;0.3435277160930226
6455,00;5,38745E+15;0.3250086216757545
6456,00;5,30449E+16;0.3454234204035155
6457,00;5,17092E+15;0.3782921483449213
6458,00;5,46156E+16;0.3067717376190514
6459,00;5,37148E+15;0.32893856556237755
6460,00;5,49171E+16;0.29935355757277216
6461,00;5,50563E+15;0.2959275655428024
6462,00;5,43866E+15;0.3124073741468347
6463,00;5,49793E+16;0.297824110904396
6464,00;5,40658E+15;0.3203014607455871
6465,00;5,41854E+15;0.3173590842514722
6466,00;5,65345E+15;0.2595544744300714
6467,00;5,49793E+16;0.297824110904396
6468,00;5,47914E+15;0.3024456803595448
6469,00;5,71104E+13;0.24538212867096243
6470,00;5,59176E+15;0.27473369959091043
6471,00;5,5973E+15;0.2733701271200345
6472,00;5,56063E+15;0.2823929290556243
6473,00;5,50102E+16;0.29706347216608986
6474,00;5,30835E+15;0.34447346657363054
6475,00;5,30835E+15;0.34447346657363054
6476,00;5,66502E+16;0.25670668494649973
6477,00;5,66502E+16;0.25670668494649973
6478,00;5,60828E+15;0.2706688050990117
6479,00;5,6404E+14;0.26276383292351146
6480,00;5,39271E+15;0.32371453542261697
6481,00;5,4696E+15;0.30479448707194157
6482,00;5,05526E+16;0.4067537545285871
6483,00;5,36429E+15;0.33070867306963025
6484,00;5,28691E+15;0.3497512473134201
6485,00;5,67896E+15;0.2532768055718678
6486,00;5,39968E+15;0.3220011854874172
6487,00;5,37862E+15;0.32718299708997134
6488,00;5,1222E+15;0.39028066943447914
6489,00;5,44362E+15;0.31118716573357696
6490,00;5,41173E+15;0.31903547919716924
6491,00;5,44855E+15;0.30997388380083957
6492,00;5,38745E+15;0.3250086216757545
6493,00;5,50563E+15;0.2959275655428024
6494,00;5,47914E+15;0.3024456803595448
6495,00;5,36429E+15;0.33070867306963025
6496,00;5,34604E+15;0.33519915881784246
6497,00;5,54317E+15;0.28668934024660775
6498,00;5,33863E+15;0.337022105986475
6499,00;5,48073E+16;0.30205670980653765
6500,00;5,40141E+16;0.32157498542618135
6501,00;5,48702E+16;0.3005078678124561
6502,00;5,53431E+15;0.2888703720274307
6503,00;5,51175E+15;0.2944223532665181
6504,00;5,31028E+15;0.34400006824081986
6505,00;5,38569E+14;0.32544173075989746
6506,00;5,30256E+15;0.3458999852829734
6507,00;5,38393E+16;0.3258757192539521
6508,00;5,46479E+16;0.3059786411250768
6509,00;5,38039E+15;0.3267463488075919
6510,00;4,84976E+15;0.4573216039227186
6511,00;4,85302E+15;0.45651957949240507
6512,00;4,9686E+15;0.4280787670882955
6513,00;4,80967E+15;0.467188244564138
6514,00;4,7568E+15;0.4801987061557479
6515,00;4,65676E+15;0.5048153530072363
6516,00;4,68485E+16;0.49790401268038886
6517,00;4,66488E+15;0.5028177752909385
6518,00;5,08316E+16;0.3998885458071395
6519,00;4,86594E+16;0.45334124196961934
6520,00;5,40141E+16;0.32157498542618135
6521,00;5,51022E+15;0.29479766374027927
6522,00;5,61642E+15;0.2686649848610495
6523,00;5,74315E+15;0.23748121541385048
6524,00;5,64564E+15;0.2614743010488674
6525,00;5,64434E+15;0.26179595537576994
6526,00;4,98831E+15;0.4232287216521299
6527,00;5,0103E+15;0.41781731211155837
6528,00;4,95713E+15;0.43090044846235354
6529,00;5,0103E+15;0.41781731211155837
6530,00;5,24235E+14;0.36071463809307935
6531,00;4,98272E+16;0.42460325539175303
6532,00;5,00485E+15;0.4191573745568742
6533,00;5,09801E+16;0.39623479427270225
6534,00;5,08316E+16;0.3998885458071395
6535,00;5,42361E+16;0.3161103605834825
6536,00;5,16413E+15;0.3799641719423368
6537,00;5,56781E+14;0.28062793752424864
6538,00;5,57634E+15;0.2785290081214521
6539,00;5,56781E+14;0.28062793752424864
6540,00;5,1029E+15;0.39503062624325314
6541,00;5,43201E+15;0.3140452308960955
6542,00;5,66502E+16;0.25670668494649973
6543,00;5,3962E+14;0.3228561436669184
6544,00;5,07564E+15;0.40173911372992455
6545,00;5,36969E+15;0.32937972002216465
6546,00;5,6902E+15;0.25051091026920813
6547,00;5,44527E+16;0.3107819727024861
6548,00;5,49171E+16;0.29935355757277216
6549,00;5,45671E+15;0.3079669276479158
6550,00;5,468E+15;0.3051884766026507
6551,00;5,5087E+16;0.29517363439111577
6552,00;5,25473E+15;0.35766842130772225
6553,00;5,35156E+15;0.33384207959293954
6554,00;5,58198E+15;0.2771410859725485
6555,00;5,38393E+16;0.3258757192539521
6556,00;5,08814E+15;0.3986636756361769
6557,00;5,55049E+15;0.28488866186361606
6558,00;5,24027E+15;0.36122658866092283
6559,00;4,9771E+15;0.4259866858518039
6560,00;4,9218E+15;0.43959612602226095
6561,00;5,36969E+15;0.32937972002216465
6562,00;5,44197E+15;0.31159312836253006
6563,00;5,52985E+16;0.2899692909514433
6564,00;5,65732E+14;0.25860098916161833
6565,00;5,4696E+15;0.30479448707194157
6566,00;5,14574E+15;0.3844879230222127
6567,00;5,01301E+15;0.4171504184039505
6568,00;5,18879E+15;0.37389632739598666
6569,00;5,37506E+15;0.32805897888941116
6570,00;5,50717E+15;0.29555026754564395
6571,00;5,36789E+16;0.32982178690133956
6572,00;5,56781E+14;0.28062793752424864
6573,00;5,4712E+14;0.3044012224533822
6574,00;5,437E+15;0.3128156632106023
6575,00;5,46318E+15;0.30637482151633644
6576,00;5,43033E+15;0.31445666366969927
6577,00;5,47914E+15;0.3024456803595448
6578,00;5,55919E+16;0.2827476830953852
6579,00;5,37506E+15;0.32805897888941116
6580,00;5,27897E+15;0.3517032175911817
6581,00;4,84321E+15;0.4589347380694546
6582,00;5,31983E+15;0.3416486775305517
6583,00;5,64695E+15;0.26115313004945984
6584,00;5,41854E+15;0.3173590842514722
6585,00;5,56638E+16;0.28097977177635014
6586,00;5,72665E+16;0.24154151341195018
6587,00;5,44032E+15;0.31199986351836007
6588,00;5,32928E+16;0.3393228737339872
6589,00;5,46318E+15;0.30637482151633644
6590,00;5,34049E+16;0.3365649095343132
6591,00;5,44362E+15;0.31118716573357696
6592,00;5,75359E+15;0.23491117330836464
6593,00;5,85166E+15;0.2107796410548196
6594,00;5,76959E+16;0.23097375980808732
6595,00;5,73376E+15;0.23979193262068643
6596,00;5,70496E+15;0.24687786087628438
6597,00;5,47279E+15;0.30400868008429904
6598,00;5,67265E+15;0.25482902197900714
6599,00;5,8308E+14;0.21591168255479165
6600,00;5,70252E+16;0.24747909688423309
6601,00;5,62583E+16;0.2663506933892127
6602,00;5,3442E+15;0.3356534400938246
6603,00;5,32928E+16;0.3393228737339872
6604,00;5,35156E+15;0.33384207959293954
6605,00;5,43866E+15;0.3124073741468347
6606,00;5,38569E+14;0.32544173075989746
6607,00;5,56923E+14;0.28027668147167206
6608,00;5,62983E+15;0.2653664740297479
6609,00;5,64434E+15;0.26179595537576994
6610,00;5,52536E+15;0.29107388906823706
6611,00;5,45995E+15;0.30716939217075534
6612,00;5,46639E+15;0.3055831937229341
6613,00;5,51782E+15;0.29292766703630113
6614,00;5,57634E+15;0.2785290081214521
6615,00;5,54757E+16;0.2856071138338213
6616,00;5,28096E+15;0.35121355126043163
6617,00;5,3962E+14;0.3228561436669184
6618,00;5,4712E+14;0.3044012224533822
6619,00;5,51934E+15;0.2925556229738898
6620,00;5,52235E+16;0.2918134720203073
6621,00;5,33116E+15;0.3388607346136471
6622,00;5,48859E+15;0.30012240466039386
6623,00;5,51175E+15;0.2944223532665181
6624,00;5,42866E+15;0.3148688899496257
6625,00;5,27698E+15;0.3521940083002568
6626,00;5,57066E+15;0.27992600172132687
6627,00;5,45833E+16;0.30756778792428885
6628,00;5,49793E+16;0.297824110904396
6629,00;5,09061E+15;0.39805386278346533
6630,00;5,45019E+15;0.30957098215488554
6631,00;5,53728E+15;0.2881408857906893
6632,00;5,44197E+15;0.31159312836253006
6633,00;5,53134E+15;0.289602356509584
6634,00;5,45019E+15;0.30957098215488554
6635,00;5,45019E+15;0.30957098215488554
6636,00;4,97992E+16;0.42529385133951714
6637,00;5,18657E+16;0.3744408863144746
6638,00;4,68878E+16;0.4969346719718567
6639,00;4,69661E+15;0.49500908003008803
6640,00;5,21919E+14;0.3664146894869551
6641,00;5,4823E+14;0.301668445830764
6642,00;5,45508E+15;0.30836681412543676
6643,00;5,51782E+15;0.29292766703630113
6644,00;5,56638E+16;0.28097977177635014
6645,00;5,67518E+15;0.25420678206388403
6646,00;5,66374E+16;0.25702123873379257
6647,00;5,68522E+15;0.25173578044017086
6648,00;5,66502E+16;0.25670668494649973
6649,00;5,54464E+14;0.2863279889181245
6650,00;5,53875E+15;0.2877770741966579
6651,00;5,27498E+15;0.35268592856316805
6652,00;5,16413E+15;0.3799641719423368
6653,00;5,23819E+15;0.36173976840297795
6654,00;5,14574E+15;0.3844879230222127
6655,00;5,16413E+15;0.3799641719423368
6656,00;5,44691E+16;0.3103775463568693
6657,00;5,31602E+15;0.34258613192759646
6658,00;5,28096E+15;0.35121355126043163
6659,00;5,5041E+16;0.29630553073393706
6660,00;5,48702E+16;0.3005078678124561
6661,00;5,45345E+15;0.3087674501563057
6662,00;5,40486E+15;0.3207251264143086
6663,00;5,15268E+15;0.3827802767094932
6664,00;5,46156E+16;0.3067717376190514
6665,00;5,05009E+16;0.40802601578437503
6666,00;5,29477E+16;0.34781694216727654
6667,00;5,28096E+15;0.35121355126043163
6668,00;4,98272E+16;0.42460325539175303
6669,00;4,71587E+15;0.4902696561403693
6670,00;5,08565E+16;0.399275233306295
6671,00;5,26895E+15;0.3541685189692746
6672,00;5,24235E+14;0.36071463809307935
6673,00;5,26694E+16;0.3546650099239699
6674,00;4,68089E+16;0.49887776953495333
6675,00;4,84321E+15;0.4589347380694546
6676,00;5,20412E+15;0.3701227746046757
6677,00;4,73098E+16;0.4865523579249561
6678,00;5,20412E+15;0.3701227746046757
6679,00;5,44197E+15;0.31159312836253006
6680,00;5,18657E+16;0.3744408863144746
6681,00;5,49482E+15;0.2985874662153898
6682,00;5,31602E+15;0.34258613192759646
6683,00;5,20195E+15;0.3706577918049019
6684,00;4,93374E+15;0.4366580830616127
6685,00;5,56351E+15;0.28168518251528196
6686,00;5,57492E+14;0.2788774014502412
6687,00;5,64955E+16;0.26051223223826525
6688,00;5,70252E+16;0.24747909688423309
6689,00;5,59315E+15;0.27439199006986525
6690,00;5,54317E+15;0.28668934024660775
6691,00;5,59315E+15;0.27439199006986525
6692,00;5,52536E+15;0.29107388906823706
6693,00;5,51782E+15;0.29292766703630113
6694,00;5,64564E+15;0.2614743010488674
6695,00;5,55919E+16;0.2827476830953852
6696,00;5,57634E+15;0.2785290081214521
6697,00;5,59176E+15;0.27473369959091043
6698,00;5,64825E+15;0.2608324409272016
6699,00;5,41002E+15;0.319456640436667
6700,00;5,53875E+15;0.2877770741966579
6701,00;5,52985E+16;0.2899692909514433
6702,00;5,5087E+16;0.29517363439111577
6703,00;5,51631E+15;0.2933003598245204
6704,00;5,468E+15;0.3051884766026507
6705,00;4,89432E+15;0.44635821314305935
6706,00;4,87867E+15;0.45020947517350607
6707,00;5,34604E+15;0.33519915881784246
6708,00;5,64695E+15;0.26115313004945984
6709,00;5,4712E+14;0.3044012224533822
6710,00;5,67138E+16;0.2551408225593037
6711,00;5,70618E+16;0.2465778759008811
6712,00;5,52235E+16;0.2918134720203073
6713,00;5,73611E+15;0.23921190713613527
6714,00;5,65989E+15;0.25796768718751506
6715,00;5,437E+15;0.3128156632106023
6716,00;5,76732E+16;0.23153182607783496
6717,00;5,68147E+16;0.2526590616161706
6718,00;5,62583E+16;0.2663506933892127
6719,00;5,53875E+15;0.2877770741966579
6720,00;5,83606E+15;0.21461707375202166
6721,00;5,74896E+15;0.2360496008193309
6722,00;5,74896E+15;0.2360496008193309
6723,00;5,65603E+16;0.2589183452108478
6724,00;5,69884E+15;0.2483841339170021
6725,00;5,39096E+16;0.32414502753166685
6726,00;5,33863E+15;0.337022105986475
6727,00;5,44855E+15;0.30997388380083957
6728,00;5,65345E+15;0.2595544744300714
6729,00;5,59454E+15;0.27405082597526265
6730,00;5,59037E+16;0.27507595628516124
6731,00;5,43866E+15;0.3124073741468347
6732,00;5,49327E+15;0.2989701686630024
6733,00;5,42361E+16;0.3161103605834825
6734,00;5,28096E+15;0.35121355126043163
6735,00;5,53728E+15;0.2881408857906893
6736,00;5,47597E+15;0.30322575151697917
6737,00;5,49947E+15;0.29744345317263643
6738,00;5,46639E+15;0.3055831937229341
6739,00;5,53283E+15;0.28923605091883275
6740,00;5,55775E+15;0.2831030269176945
6741,00;5,49171E+16;0.29935355757277216
6742,00;5,34049E+16;0.3365649095343132
6743,00;5,27698E+15;0.3521940083002568
6744,00;5,52835E+15;0.29033685640727114
6745,00;5,35156E+15;0.33384207959293954
6746,00;5,48388E+15;0.30128088586983837
6747,00;5,47914E+15;0.3024456803595448
6748,00;5,4083E+15;0.3198786331895169
6749,00;5,57916E+16;0.27783392048483524
6750,00;5,30835E+15;0.34447346657363054
6751,00;5,24443E+14;0.36020391082524916
6752,00;5,468E+15;0.3051884766026507
6753,00;5,47597E+15;0.30322575151697917
6754,00;5,30062E+15;0.346377615112768
6755,00;5,44362E+15;0.31118716573357696
6756,00;5,43534E+15;0.3132247336893228
6757,00;5,51631E+15;0.2933003598245204
6758,00;5,48545E+15;0.3008940273752888
6759,00;4,90664E+15;0.4433263997580844
6760,00;4,72722E+15;0.4874756391009558
6761,00;5,34049E+16;0.3365649095343132
6762,00;5,41684E+15;0.31777695195033395
6763,00;5,37862E+15;0.32718299708997134
6764,00;5,38393E+16;0.3258757192539521
6765,00;5,31983E+15;0.3416486775305517
6766,00;4,73098E+16;0.4865523579249561
6767,00;5,21061E+15;0.3685257116831726
6768,00;5,43201E+15;0.3140452308960955
6769,00;5,21491E+16;0.3674675943742287
6770,00;5,36789E+16;0.32982178690133956
6771,00;5,40314E+15;0.3211496335248317
6772,00;5,41344E+15;0.31861514620056486
6773,00;5,0604E+16;0.4054890214899718
6774,00;5,5041E+16;0.29630553073393706
6775,00;5,33863E+15;0.337022105986475
6776,00;5,45833E+16;0.30756778792428885
6777,00;5,41002E+15;0.319456640436667
6778,00;5,27897E+15;0.3517032175911817
6779,00;5,29477E+16;0.34781694216727654
6780,00;5,29281E+16;0.3482988798232961
6781,00;5,25882E+16;0.3566625876402677
6782,00;5,54317E+15;0.28668934024660775
6783,00;5,60418E+16;0.27167780426574994
6784,00;5,52084E+15;0.2921842253828075
6785,00;5,45182E+16;0.30916883855574984
6786,00;5,01301E+15;0.4171504184039505
6787,00;4,99386E+16;0.42186297093565917
6788,00;4,82995E+15;0.4621979962630641
6789,00;4,74214E+15;0.48380620546079334
6790,00;4,68485E+16;0.49790401268038886
6791,00;4,9686E+15;0.4280787670882955
6792,00;5,05009E+16;0.40802601578437503
6793,00;4,77833E+15;0.47489911417456054
6794,00;5,19319E+16;0.3728113542038738
6795,00;5,08814E+15;0.3986636756361769
6796,00;5,41344E+15;0.31861514620056486
6797,00;5,59868E+16;0.27303058890742604
6798,00;5,40141E+16;0.32157498542618135
6799,00;5,25062E+15;0.3586790107075938
6800,00;5,47914E+15;0.3024456803595448
6801,00;4,93669E+15;0.4359298395636265
6802,00;4,82995E+15;0.4621979962630641
6803,00;5,13875E+15;0.3862093223392232
6804,00;5,42193E+16;0.3165257917344566
6805,00;5,33863E+15;0.337022105986475
6806,00;5,26086E+15;0.35616144025971064
6807,00;5,41854E+15;0.3173590842514722
6808,00;5,80727E+15;0.22170300200761994
6809,00;5,80073E+15;0.22331007168302275
6810,00;5,46639E+15;0.3055831937229341
6811,00;5,46156E+16;0.3067717376190514
6812,00;5,42361E+16;0.3161103605834825
6813,00;5,43866E+15;0.3124073741468347
6814,00;5,44691E+16;0.3103775463568693
6815,00;5,44855E+15;0.30997388380083957
6816,00;5,45182E+16;0.30916883855574984
6817,00;5,42866E+15;0.3148688899496257
6818,00;5,43033E+15;0.31445666366969927
6819,00;5,46479E+16;0.3059786411250768
6820,00;5,42193E+16;0.3165257917344566
6821,00;5,50256E+15;0.29668416548289056
6822,00;5,84233E+16;0.2130738232939542
6823,00;5,52985E+16;0.2899692909514433
6824,00;5,35521E+16;0.3329421234848835
6825,00;5,73846E+16;0.23863345141124193
6826,00;5,68021E+15;0.2529677104205471
6827,00;5,36429E+15;0.33070867306963025
6828,00;5,77972E+15;0.22848033770229137
6829,00;5,66884E+15;0.25576579160074175
6830,00;5,6404E+14;0.26276383292351146
6831,00;5,17542E+16;0.3771846885621879
6832,00;5,14574E+15;0.3844879230222127
6833,00;5,18879E+15;0.37389632739598666
6834,00;5,1664E+15;0.3794053761733671
6835,00;5,32363E+15;0.3407153168338698
6836,00;5,55195E+15;0.2845303394663856
6837,00;5,54611E+15;0.2859672474655911
6838,00;5,58898E+16;0.2754187619077856
6839,00;5,55919E+16;0.2827476830953852
6840,00;5,44691E+16;0.3103775463568693
6841,00;5,50717E+15;0.29555026754564395
6842,00;5,38921E+15;0.32457638844475534
6843,00;5,34049E+16;0.3365649095343132
6844,00;5,55919E+16;0.2827476830953852
6845,00;5,1799E+16;0.3760829373603807
6846,00;5,21919E+14;0.3664146894869551
6847,00;5,52235E+16;0.2918134720203073
6848,00;5,56923E+14;0.28027668147167206
6849,00;5,5041E+16;0.29630553073393706
6850,00;5,38569E+14;0.32544173075989746
6851,00;5,49171E+16;0.29935355757277216
6852,00;5,3442E+15;0.3356534400938246
6853,00;5,59315E+15;0.27439199006986525
6854,00;5,53875E+15;0.2877770741966579
6855,00;5,35521E+16;0.3329421234848835
6856,00;5,62583E+16;0.2663506933892127
6857,00;5,63777E+14;0.26341152814608226
6858,00;5,25678E+15;0.3571649128065857
6859,00;5,56923E+14;0.28027668147167206
6860,00;5,55775E+15;0.2831030269176945
6861,00;5,38039E+15;0.3267463488075919
6862,00;5,44855E+15;0.30997388380083957
6863,00;5,4696E+15;0.30479448707194157
6864,00;5,20845E+14;0.369056741173441
6865,00;5,48073E+16;0.30205670980653765
6866,00;5,51327E+15;0.2940477006554494
6867,00;5,43368E+16;0.313634588579796
6868,00;5,60691E+16;0.27100460918990543
6869,00;5,43368E+16;0.313634588579796
6870,00;5,42866E+15;0.3148688899496257
6871,00;5,58898E+16;0.2754187619077856
6872,00;5,56781E+14;0.28062793752424864
6873,00;5,42361E+16;0.3161103605834825
6874,00;5,54464E+14;0.2863279889181245
6875,00;5,35704E+15;0.3324935624390575
6876,00;5,54611E+15;0.2859672474655911
6877,00;5,45671E+15;0.3079669276479158
6878,00;5,47914E+15;0.3024456803595448
6879,00;5,22345E+15;0.36536694591886965
6880,00;5,23819E+15;0.36173976840297795
6881,00;5,53283E+15;0.28923605091883275
6882,00;5,54903E+16;0.2852475859780007
6883,00;5,27298E+15;0.35317898359124367
6884,00;5,53875E+15;0.2877770741966579
6885,00;5,10534E+16;0.39443107673403544
6886,00;533677183338,00;0.3374802824960902
6887,00;5,56207E+16;0.28203876284387064
6888,00;5,26895E+15;0.3541685189692746
6889,00;5,61912E+15;0.2680011978061535
6890,00;5,6404E+14;0.26276383292351146
6891,00;5,63909E+15;0.2630874351956034
6892,00;5,40658E+15;0.3203014607455871
6893,00;5,28295E+15;0.3507250041679847
6894,00;5,73846E+16;0.23863345141124193
6895,00;5,51479E+15;0.2936737036048398
6896,00;5,48073E+16;0.30205670980653765
6897,00;5,13405E+16;0.387364672503104
6898,00;5,52985E+16;0.2899692909514433
6899,00;5,40141E+16;0.32157498542618135
6900,00;5,3962E+14;0.3228561436669184
6901,00;5,60418E+16;0.27167780426574994
6902,00;5,45345E+15;0.3087674501563057
6903,00;5,0604E+16;0.4054890214899718
6904,00;5,1222E+15;0.39028066943447914
6905,00;5,57916E+16;0.27783392048483524
6906,00;5,52686E+16;0.2907050550511049
6907,00;5,46479E+16;0.3059786411250768
6908,00;5,52536E+15;0.29107388906823706
6909,00;5,01301E+15;0.4171504184039505
6910,00;4,96001E+15;0.4301915282108393
6911,00;4,96289E+15;0.4294849515016219
6912,00;5,41684E+15;0.31777695195033395
6913,00;5,32363E+15;0.3407153168338698
6914,00;4,98831E+15;0.4232287216521299
6915,00;5,57066E+15;0.27992600172132687
6916,00;5,40314E+15;0.3211496335248317
6917,00;4,90664E+15;0.4433263997580844
6918,00;5,56923E+14;0.28027668147167206
6919,00;5,07059E+15;0.4029817873459758
6920,00;4,94843E+14;0.4330414272305847
6921,00;4,94551E+15;0.43375987920078996
6922,00;4,9218E+15;0.43959612602226095
6923,00;4,95424E+15;0.4316117278538276
6924,00;4,9218E+15;0.43959612602226095
6925,00;4,9218E+15;0.43959612602226095
6926,00;4,9248E+15;0.43885782041807353
6927,00;5,31983E+15;0.3416486775305517
6928,00;5,51022E+15;0.29479766374027927
6929,00;5,63381E+15;0.26438676600479993
6930,00;5,49793E+16;0.297824110904396
6931,00;5,13405E+16;0.387364672503104
6932,00;5,02644E+15;0.41384680920778805
6933,00;5,08066E+15;0.40050362323847644
6934,00;5,05268E+16;0.4073889385321253
6935,00;5,05783E+16;0.4061204525544838
6936,00;5,08316E+16;0.3998885458071395
6937,00;5,06805E+14;0.40360584402255273
6938,00;5,06805E+14;0.40360584402255273
6939,00;5,08814E+15;0.3986636756361769
6940,00;5,10777E+15;0.39383320428857194
6941,00;5,16413E+15;0.3799641719423368
6942,00;5,22345E+15;0.36536694591886965
6943,00;5,24856E+15;0.3591861029024799
6944,00;5,21919E+14;0.3664146894869551
6945,00;5,45671E+15;0.3079669276479158
6946,00;5,66884E+15;0.25576579160074175
6947,00;5,68522E+15;0.25173578044017086
6948,00;5,62716E+16;0.26602211644535134
6949,00;5,55049E+15;0.28488866186361606
6950,00;5,47597E+15;0.30322575151697917
6951,00;5,61236E+15;0.2696645467445896
6952,00;5,36248E+16;0.33115349999374155
6953,00;5,56781E+14;0.28062793752424864
6954,00;5,62181E+16;0.2673394658228264
6955,00;5,4712E+14;0.3044012224533822
6956,00;5,42698E+15;0.3152819128025691
6957,00;5,36969E+15;0.32937972002216465
6958,00;5,39446E+15;0.3232849086249219
6959,00;5,42361E+16;0.3161103605834825
6960,00;5,35886E+16;0.33204594078877914
6961,00;5,35339E+15;0.33339162787745236
6962,00;5,5563E+15;0.2834589624868591
6963,00;5,26491E+15;0.35516265685399173
6964,00;5,61236E+15;0.2696645467445896
6965,00;5,58898E+16;0.2754187619077856
6966,00;5,44197E+15;0.31159312836253006
6967,00;5,48073E+16;0.30205670980653765
6968,00;5,49482E+15;0.2985874662153898
6969,00;5,10777E+15;0.39383320428857194
6970,00;5,08565E+16;0.399275233306295
6971,00;5,00212E+15;0.4198305696327186
6972,00;5,44691E+16;0.3103775463568693
6973,00;5,2465E+15;0.35969440102524286
6974,00;5,28493E+15;0.35023757120898447
6975,00;5,4712E+14;0.3044012224533822
6976,00;5,42698E+15;0.3152819128025691
6977,00;5,02377E+15;0.41450345875618144
6978,00;4,95713E+15;0.43090044846235354
6979,00;4,88496E+15;0.44866063317942473
6980,00;4,90969E+16;0.44257511863348675
6981,00;4,84321E+15;0.4589347380694546
6982,00;4,89432E+15;0.44635821314305935
6983,00;5,21061E+15;0.3685257116831726
6984,00;5,38921E+15;0.32457638844475534
6985,00;4,98831E+15;0.4232287216521299
6986,00;5,5041E+16;0.29630553073393706
6987,00;5,31028E+15;0.34400006824081986
6988,00;5,3274E+15;0.3397860142399862
6989,00;4,84976E+15;0.4573216039227186
6990,00;5,38745E+15;0.3250086216757545
6991,00;5,37862E+15;0.32718299708997134
6992,00;5,38393E+16;0.3258757192539521
6993,00;5,1364E+14;0.38678621677821057
6994,00;5,49015E+15;0.2997376354117709
6995,00;5,4696E+15;0.30479448707194157
6996,00;5,18435E+16;0.3749868361895652
6997,00;5,15038E+15;0.3833479776007074
6998,00;5,19319E+16;0.3728113542038738
6999,00;5,15498E+15;0.38221407966346055
7000,00;5,15957E+14;0.3810861653843348
7001,00;5,30256E+15;0.3458999852829734
7002,00;5,64955E+16;0.26051223223826525
7003,00;5,38393E+16;0.3258757192539521
7004,00;5,19977E+15;0.3711941515842023
7005,00;5,63513E+15;0.2640611920501681
7006,00;5,06805E+14;0.40360584402255273
7007,00;5,14806E+15;0.38391719034694505
7008,00;5,09801E+16;0.39623479427270225
7009,00;5,16185E+15;0.38052443244632117
7010,00;5,20629E+15;0.36958909327899847
7011,00;5,22557E+15;0.3648449938648861
7012,00;5,36609E+16;0.33026476998195553
7013,00;5,74198E+15;0.23776869260565925
7014,00;5,73021E+15;0.24066493285362145
7015,00;5,62047E+16;0.26767007572615875
7016,00;5,54903E+16;0.2852475859780007
7017,00;5,26491E+15;0.35516265685399173
7018,00;5,28096E+15;0.35121355126043163
7019,00;5,26895E+15;0.3541685189692746
7020,00;5,64172E+13;0.2624407198462724
7021,00;5,69638E+15;0.24898962797600788
7022,00;5,6285E+16;0.2656940438408193
7023,00;5,61236E+15;0.2696645467445896
7024,00;5,43368E+16;0.313634588579796
7025,00;5,64695E+15;0.26115313004945984
7026,00;5,37327E+15;0.3284983197632947
7027,00;5,57634E+15;0.2785290081214521
7028,00;5,60555E+15;0.2713409416902868
7029,00;5,68272E+16;0.2523508578715078
7030,00;5,33304E+15;0.33839959255798757
7031,00;5,70861E+16;0.24597916609795722
7032,00;5,60691E+16;0.27100460918990543
7033,00;5,52835E+15;0.29033685640727114
7034,00;5,34972E+15;0.3342934826327145
7035,00;5,5087E+16;0.29517363439111577
7036,00;5,13405E+16;0.387364672503104
7037,00;5,65474E+15;0.2592361731651567
7038,00;5,65345E+15;0.2595544744300714
7039,00;5,27498E+15;0.35268592856316805
7040,00;5,59592E+15;0.2737102055686905
7041,00;5,32363E+15;0.3407153168338698
7042,00;5,59592E+15;0.2737102055686905
7043,00;5,5417E+16;0.28705130351666763
7044,00;5,45182E+16;0.30916883855574984
7045,00;5,58057E+15;0.2774872225014572
7046,00;5,42866E+15;0.3148688899496257
7047,00;5,56063E+15;0.2823929290556243
7048,00;5,60281E+16;0.2720151985897771
7049,00;5,15038E+15;0.3833479776007074
7050,00;5,56781E+14;0.28062793752424864
7051,00;5,63777E+14;0.26341152814608226
7052,00;5,58898E+16;0.2754187619077856
7053,00;5,5563E+15;0.2834589624868591
7054,00;5,57208E+16;0.2795758963852445
7055,00;5,14109E+15;0.3856339807808191
7056,00;5,48702E+16;0.3005078678124561
7057,00;5,30835E+15;0.34447346657363054
7058,00;5,52386E+15;0.2914433606552923
7059,00;5,15498E+15;0.38221407966346055
7060,00;5,36067E+16;0.33159925460762596
7061,00;5,43033E+15;0.31445666366969927
7062,00;5,57916E+16;0.27783392048483524
7063,00;5,611E+13;0.269998775522451
7064,00;4,98831E+15;0.4232287216521299
7065,00;5,4083E+15;0.3198786331895169
7066,00;5,43201E+15;0.3140452308960955
7067,00;5,56351E+15;0.28168518251528196
7068,00;5,48859E+15;0.30012240466039386
7069,00;5,36429E+15;0.33070867306963025
7070,00;5,36969E+15;0.32937972002216465
7071,00;5,19539E+15;0.372270925951638
7072,00;5,21276E+16;0.36799599825246965
7073,00;5,25882E+16;0.3566625876402677
7074,00;5,51022E+15;0.29479766374027927
7075,00;5,5735E+15;0.2792263635847174
7076,00;5,63116E+16;0.265039405473365
7077,00;5,42193E+16;0.3165257917344566
7078,00;5,53283E+15;0.28923605091883275
7079,00;5,64434E+15;0.26179595537576994
7080,00;5,63248E+15;0.2647128366399518
7081,00;5,44362E+15;0.31118716573357696
7082,00;5,59176E+15;0.27473369959091043
7083,00;5,27498E+15;0.35268592856316805
7084,00;5,44527E+16;0.3107819727024861
7085,00;5,59454E+15;0.27405082597526265
7086,00;5,54611E+15;0.2859672474655911
7087,00;5,4696E+15;0.30479448707194157
7088,00;4,95134E+15;0.43232538213916094
7089,00;5,00212E+15;0.4198305696327186
7090,00;5,29281E+16;0.3482988798232961
7091,00;5,56063E+15;0.2823929290556243
7092,00;5,5417E+16;0.28705130351666763
7093,00;5,5417E+16;0.28705130351666763
7094,00;533677183338,00;0.3374802824960902
7095,00;5,31793E+14;0.3421168907734008
7096,00;5,39968E+15;0.3220011854874172
7097,00;5,58898E+16;0.2754187619077856
7098,00;5,60964E+16;0.2703335277598493
7099,00;5,57775E+16;0.2781811817470693
7100,00;5,61912E+15;0.2680011978061535
7101,00;5,16185E+15;0.38052443244632117
7102,00;5,41173E+15;0.31903547919716924
7103,00;5,4823E+14;0.301668445830764
7104,00;5,46318E+15;0.30637482151633644
7105,00;5,53728E+15;0.2881408857906893
7106,00;5,5041E+16;0.29630553073393706
7107,00;5,30643E+15;0.344947915736011
7108,00;5,38745E+15;0.3250086216757545
7109,00;5,45833E+16;0.30756778792428885
7110,00;5,13405E+16;0.387364672503104
7111,00;5,4823E+14;0.301668445830764
7112,00;5,67011E+16;0.2554530786555841
7113,00;5,65732E+14;0.25860098916161833
7114,00;5,64955E+16;0.26051223223826525
7115,00;5,64172E+13;0.2624407198462724
7116,00;5,47439E+15;0.30361685731666244
7117,00;5,43368E+16;0.313634588579796
7118,00;5,41344E+15;0.31861514620056486
7119,00;5,01571E+15;0.41648559901915627
7120,00;5,41173E+15;0.31903547919716924
7121,00;5,00212E+15;0.4198305696327186
7122,00;5,62449E+15;0.26667977622541217
7123,00;5,3962E+14;0.3228561436669184
7124,00;5,49638E+15;0.2982054477760908
7125,00;5,48073E+16;0.30205670980653765
7126,00;5,63381E+15;0.26438676600479993
7127,00;5,61642E+15;0.2686649848610495
7128,00;5,38393E+16;0.3258757192539521
7129,00;5,57775E+16;0.2781811817470693
7130,00;5,58618E+14;0.2761060270011737
7131,00;5,47597E+15;0.30322575151697917
7132,00;5,14574E+15;0.3844879230222127
7133,00;5,15268E+15;0.3827802767094932
7134,00;5,16413E+15;0.3799641719423368
7135,00;5,15268E+15;0.3827802767094932
7136,00;5,17766E+15;0.37663310306926
7137,00;5,1799E+16;0.3760829373603807
7138,00;5,22132E+14;0.36589017570253424
7139,00;5,16866E+15;0.3788480375006241
7140,00;5,17542E+16;0.3771846885621879
7141,00;5,59868E+16;0.27303058890742604
7142,00;5,09061E+15;0.39805386278346533
7143,00;5,02377E+15;0.41450345875618144
7144,00;5,01301E+15;0.4171504184039505
7145,00;5,05268E+16;0.4073889385321253
7146,00;5,38216E+15;0.32631059073639535
7147,00;5,61642E+15;0.2686649848610495
7148,00;5,28295E+15;0.3507250041679847
7149,00;5,26895E+15;0.3541685189692746
7150,00;5,24235E+14;0.36071463809307935
7151,00;5,43534E+15;0.3132247336893228
7152,00;5,65732E+14;0.25860098916161833
7153,00;5,1664E+15;0.3794053761733671
7154,00;5,69267E+16;0.24990109741649658
7155,00;5,58898E+16;0.2754187619077856
7156,00;5,67011E+16;0.2554530786555841
7157,00;5,45345E+15;0.3087674501563057
7158,00;5,48073E+16;0.30205670980653765
7159,00;5,58618E+14;0.2761060270011737
7160,00;5,36429E+15;0.33070867306963025
7161,00;5,15728E+15;0.38164937851625413
